"OF_id","B_id","FD_id","F_name","DrawNo","B_name","Process","OF_ck"
1,,1,1000,"T20102A08","Uﾄﾞﾘﾙ用ｽﾘｰﾌﾞ(φ25)","L1.L2",0
2,,1,1001,"F58257A01","主軸前ｶﾊﾞｰ(2)","L1.L2.L3",0
3,,1,1002,"T20103A06","Uﾄﾞﾘﾙ用ｽﾘｰﾌﾞ(φ25.4)","L1.L2",0
4,,1,1003,"F57137D05","FLANGE","L1.L2",1
5,,1,1004,"T20104A08","Uﾄﾞﾘﾙ用ｽﾘｰﾌﾞ(φ20)","L1.L2",0
6,,1,1005,"F58263A03","FLANGE","L1.L2",0
7,,1,1006,"F56221C03","ｸﾗﾝﾌﾟ確認用軸ﾌﾀ","L1.L2",0
8,,1,1007,"R24614A03","中間軸","L1.L2",0
9,,1,1008,"F45189B05","FLANGE","L2.L3.L4",0
10,,1,1009,"F56226A04","心押しｼﾘﾝﾀﾞｰ","L1.L2",0
11,,1,1010,"F67384A06","LID","L1.L2",0
12,,1,1011,"F67494A01","FLANGE","L1.L2",1
13,,1,1012,"F46083A03","ｶﾗｰ (L1自動機)","L2",0
14,,1,1013,"F66224A05","FLANGE","L1.L2",0
15,,1,1014,"F67592A01","LID","L1.L2",0
16,,1,1015,"F67495A01","FLANGE","L1.L2",0
17,,1,1016,"F66244A02","FLANGE(X軸ﾍﾞｱﾘﾝｸﾞﾊｳｼﾞﾝｸﾞ)","L1.L2.L3",0
18,,1,1017,"F37196A02","ｶﾗｰ","L3.L4",0
19,,1,1018,"F63173A03","ｽﾘｰﾌﾞ","L1.L2.L3",0
20,,1,1019,"F58270B01","FLANGE","L1",0
21,,1,1020,"F66223A04","FLANGE","L1.L2",0
22,,1,1021,"F58277B02","FLANGE","L1.L2",0
23,,1,1022,"F56392A01","FLANGE","L1.L2",0
24,,1,1023,"F74046A01","ﾊﾟﾚｯﾄ当り","L1.L2",0
25,,1,1024,"F55276A04","COVER","L1",0
26,,1,1025,"F51226A01","FLANGE","L1",0
27,,1,1026,"F58259A06","FLANGE","L1.",0
28,,1,1027,"F55452A01","COVER","L1",0
29,,1,1028,"F66391A01","FLANGE","L1.L2",0
30,,1,1029,"F66392A01","FLANGE","L1.L2",0
31,,1,1030,"T20006A05","ﾎﾞｰﾘﾝｸﾞﾊﾞｰｽﾘｰﾌﾞ","L1.L2",0
32,,1,1031,"T20007A04","ﾎﾞｰﾘﾝｸﾞﾊﾞｰｽﾘｰﾌﾞ","L1.L2",0
33,,1,1032,"T20008A05","ﾎﾞｰﾘﾝｸﾞﾊﾞｰｽﾘｰﾌﾞ","L1.L2",0
34,,1,1033,"T20009A04","ﾎﾞｰﾘﾝｸﾞﾊﾞｰｽﾘｰﾌﾞ","L1.L2",0
35,,1,1034,"T20011A04","ﾎﾞｰﾘﾝｸﾞﾊﾞｰｽﾘｰﾌﾞ","L1.L2",0
36,,1,1035,"F66241A03","FLANGE(ﾚﾊﾞｰ軸固定ﾌﾗﾝｼﾞ)","L1.L2",0
37,,1,1036,"F42178B02","ｶﾗｰ","L1.L2.L3",0
38,,1,1037,"A22267A01","ﾓｰﾀｰﾍﾞｰｽ","L1.L2",0
39,,1,1038,"F53171A06","FLANGE","L1",0
40,,1,1039,"F28071A01","中間ｱﾀﾞﾌﾟﾀｰ","L1.L2.L3",0
41,,1,1040,"F56170A03","ﾊﾝﾄﾞｼﾘﾝﾀﾞｰ本体(1)","L1.L2",0
42,,1,1041,"F58275A07","主軸前ﾌﾀ20000rpm仕様","L1.L2",0
43,,1,1042,"T20181A02","ﾎﾞｰﾘﾝｸﾞﾊﾞｰｽﾘｰﾌﾞ(φ3/8”)","L1.L2",0
44,,1,1043,"F57677A03","FLANGE","L1.L2.L3",0
45,,1,1044,"T20182A02","ﾎﾞｰﾘﾝｸﾞﾊﾞｰｽﾘｰﾌﾞ(φ10)","L1.L2",0
46,,1,1045,"T20183A02","ﾎﾞｰﾘﾝｸﾞﾊﾞｰｽﾘｰﾌﾞ(φ1/2”)","L1.L2",0
47,,1,1046,"T20186A01","ﾎﾞｰﾘﾝｸﾞﾊﾞｰｽﾘｰﾌﾞ(16φ)","L1.L2",0
48,,1,1047,"A15086A03","段取STｽｲｯﾁｶﾊﾞｰ","L1.L2",0
49,,1,1048,"A22114A02","ﾓｰﾀｰﾍﾞｰｽ","L1.L2",0
50,,1,1049,"F58290A06","FLANGE","L1.L2",0
51,,1,1050,"F56396A01","FLANGE","L1.L2",0
52,,1,1051,"F67179B01","ﾍﾞｱﾘﾝｸﾞﾎﾙﾀﾞｰ","L1～L4",0
53,,1,1052,"F57683A03","HOUSING","L1.L2",0
54,,1,1053,"F72054B11","ﾃｰﾊﾟｰｺｰﾝ用ﾌﾟﾙｽﾀｯﾄﾞ","L1.L2",0
55,,1,1054,"T10045A12","ﾎﾞｰﾘﾝｸﾞﾊﾞｰﾎﾙﾀﾞｰ","L1",0
56,,1,1055,"F72267A02","PIN","L1.L2",0
57,,1,1056,"F72137A03","ﾌﾗﾝｼﾞ(油圧取入ﾌﾗﾝｼﾞ(2))","L1.L2",0
58,,1,1057,"R24538A02","APC固定ｷﾞﾔ軸(SHAFT)","L1.L2",0
59,,1,1058,"F55254A04","ﾍﾞｱﾘﾝｸﾞ押ｻｴ","L1.L2.L3",0
60,,1,1059,"T10036B20  ","ﾎﾞｰﾘﾝｸﾞﾊﾞｰﾎﾙﾀﾞｰ","L1",0
61,,1,1060,"F72278A01","LID","L1.L2",0
62,,1,1061,"B47143A05","BLOCK","L1.L2",0
63,,1,1062,"F66370A02","ﾌﾗﾝｼﾞ","L1.L2",0
64,,1,1063,"F48534A04","偏心ﾘﾝｸﾞ","L1.L2.L3",0
65,,1,1064,"F76078A04","ﾊﾝﾄﾞｼﾘﾝﾀﾞ本体(2)","L1.L2",0
66,,1,1065,"T10037B20  ","ﾎﾞｰﾘﾝｸﾞﾊﾞｰﾎﾙﾀﾞｰ","L1",0
67,,1,1066,"F66388B01","ﾌﾗﾝｼﾞ","L1～L4",0
68,,1,1067,"R28039A02","ECCENTRIC .SHAFT","L1",0
69,,1,1068,"F45185A03","FLANGE","L2.L3.L4",0
70,,1,1069,"R24574A06","ﾏｶﾞｼﾞﾝ旋回軸2","L1.L2",0
71,,1,1070,"R28039A02","ECCENTRIC.SHAFT","L2.L3",0
72,,1,1071,"F57456A05","後部ﾍﾞｱﾘﾝｸﾞﾊｳｼﾞﾝｸﾞ","L1.L2",0
73,,1,1072,"R27156A04","前後用ﾚﾊﾞｰ軸ｶﾞｲﾄﾞ","L1～L4",0
74,,1,1073,"R27292A03","SHAFT","L1～L4",0
75,,1,1074,"F66243A05","ﾂｰﾙ保持ﾌﾗﾝｼﾞ(BT30)","L1.L2",0
76,,1,1075,"F67555A02","LID","L1.L2",0
77,,1,1076,"F67493A02","FLANGE","L1.L2",0
78,,1,1077,"B27070A01","着座ﾌﾞﾛｯｸ(2)","L1.L2",0
79,,1,1078,"R27156A04","前後用ﾚﾊﾞｰ軸ｶﾞｲﾄﾞ","L5",0
80,,1,1079,"R27292A03","SHAFT","L5",0
81,,1,1080,"R28139A01","ECCENTRIC  SHAFT","L1",0
82,,1,1081,"F58317A02","FLANGE","L1.L2",0
83,,1,1082,"B27069A02","CLAMPER  PLATE","L1.L2",0
84,,1,1083,"G71027A05","CAM(誘導ｶﾑ)","L1.L2",0
85,,1,1084,"F56396B01","FLANGE","L1.L2",0
86,,1,1085,"F37196A02","COLLAR","L1.L2",0
87,,1,1086,"F55094A11","COLLAR","L1.L2",0
88,,1,1087,"F29021B04","ADAPTOR","L1.L2",0
89,,1,1088,"F66245A02","Z軸ﾍﾞｱﾘﾝｸﾞﾊｳｼﾞﾝｸﾞ","L1～L4",0
90,,1,1089,"F45080B01","主軸冷却ﾌﾗﾝｼﾞ","L1.L2",0
91,,1,1090,"F63039A08","ｽﾃｯﾌﾟﾄﾞｽﾘｰﾌﾞ","L1.L2",0
92,,1,1091,"F53269A01","FLANGE","L1.L2",0
93,,1,1092,"F72267A02","PIN","L3.L4",0
94,,1,1093,"R28139A01","ECCENTRIC SHAFT","L2",0
95,,1,1094,"F72281A02","FLANGE","L1.L2",0
96,,1,1095,"B53169A03","ﾂｰﾙﾛｯｸ用当り板(1)","L1.L2",0
97,,1,1095,"B53170A03","ﾂｰﾙﾛｯｸ用当り板(2)","L1.L2",0
98,,1,1096,"T22044B10","MT-4ﾄﾞﾘﾙｿｹｯﾄ ﾐﾘ","L1",0
99,,1,1096,"T22045A10","MT-4ﾄﾞﾘﾙｿｹｯﾄ ｲﾝﾁ","L1",0
100,,1,1097,"T20086B09","ﾎﾞｰﾘﾝｸﾞﾊﾞｰｽﾘｰﾌﾞ(φ8)","L1",0
101,,1,1098,"T20088B08","ﾎﾞｰﾘﾝｸﾞﾊﾞｰｽﾘｰﾌﾞ(φ10)","L1",0
102,,1,1099,"T20090B07","ﾎﾞｰﾘﾝｸﾞﾊﾞｰｽﾘｰﾌﾞ(φ12)","L1",0
103,,1,1100,"T20092B07","ﾎﾞｰﾘﾝｸﾞﾊﾞｰｽﾘｰﾌﾞ(φ16)","L1",0
104,,1,1101,"T20094B06","ﾎﾞｰﾘﾝｸﾞﾊﾞｰｽﾘｰﾌﾞ(φ20)","L1",0
105,,1,1102,"T20096B06","ﾎﾞｰﾘﾝｸﾞﾊﾞｰｽﾘｰﾌﾞ(φ25)","L1",0
106,,1,1103,"T20098B06","ﾎﾞｰﾘﾝｸﾞﾊﾞｰｽﾘｰﾌﾞ(φ32)","L1",0
107,,1,1104,"T20089B08","ﾎﾞｰﾘﾝｸﾞﾊﾞｰｽﾘｰﾌﾞ(φ3/8″)","L1",0
108,,1,1105,"T20091B07","ﾎﾞｰﾘﾝｸﾞﾊﾞｰｽﾘｰﾌﾞ(φ1/2″)","L1",0
109,,1,1106,"T20093B07","ﾎﾞｰﾘﾝｸﾞﾊﾞｰｽﾘｰﾌﾞ(φ5/8″)","L1",0
110,,1,1107,"T20095B06","ﾎﾞｰﾘﾝｸﾞﾊﾞｰｽﾘｰﾌﾞ(φ3/4″)","L1",0
111,,1,1108,"T20097B06","ﾎﾞｰﾘﾝｸﾞﾊﾞｰｽﾘｰﾌﾞ(φ1″)","L1",0
112,,1,1109,"T20099B06","ﾎﾞｰﾘﾝｸﾞﾊﾞｰｽﾘｰﾌﾞ(φ1/4″)","L1",0
113,,1,1110,"T22052A02","Uﾄﾞﾘﾙ用ｽﾘｰﾌﾞ(φ20)","L1.L2",0
114,,1,1111,"T22054A02","Uﾄﾞﾘﾙ用ｽﾘｰﾌﾞ(φ25)","L1.L2",0
115,,1,1112,"T22044B10","MT-4ﾄﾞﾘﾙｿｹｯﾄ(ﾐﾘ)","L2",0
116,,1,1113,"T22045A10","MT-4ﾄﾞﾘﾙｿｹｯﾄ(ｲﾝﾁ)","L2",0
117,,1,1114,"F55429A02","FLANGE","L1.L2",0
118,,1,1115,"2T2000089A","ﾎﾞｰﾘﾝｸﾞﾊﾞｰｽﾘｰﾌﾞ(32φ)","L1.L2",0
119,,1,1116,"2T2000098A","ﾎﾞｰﾘﾝｸﾞﾊﾞｰｽﾘｰﾌﾞ(25φ)","L1.L2",0
120,,1,1117,"F67576A02","FLANGE","L1.L2.L3",0
121,,1,1118,"F48552A05","ECCNTRIC RING","L1.L2",0
122,,1,1119,"T22042B05","ﾄﾞﾘﾙｿｹｯﾄ(ﾐﾘ)","L1.L2",0
123,,1,1120,"T20092B07","ﾎﾞｰﾘﾝｸﾞﾊﾞｰｽﾘｰﾌﾞ(16φ)","L2",0
124,,1,1121,"T20088B08","ﾎﾞｰﾘﾝｸﾞﾊﾞｰｽﾘｰﾌﾞ(10φ)","L2",0
125,,1,1122,"T22046A06","ﾄﾞﾘﾙｿｹｯﾄ(ﾐﾘ)","L1.L2",0
126,,1,1123,"F48552A05","ECCNTRIC RING","L3",0
127,,1,1124,"T20094B06","ﾎﾞｰﾘﾝｸﾞﾊﾞｰｽﾘｰﾌﾞ(20φ)","L2",0
128,,1,1125,"ZZ3557A","FLANGE","L1.L2",0
129,,1,1126,"R32193A01","CYLINDER","L1.L2",0
130,,1,1127,"R32091A03","CYLINDER","L1.L2",0
131,,1,1128,"T20090B07","ﾎﾞｰﾘﾝｸﾞﾊﾞｰｽﾘｰﾌﾞ(12φ)","L2",0
132,,1,1129,"F47413A01","COLLAR","L1.L2",1
133,,1,1130,"T20184A02","ﾎﾞｰﾘﾝｸﾞﾊﾞｰｽﾘｰﾌﾞ(12φ)","L1.L2",0
134,,1,1131,"T20188A01","ﾎﾞｰﾘﾝｸﾞﾊﾞｰｽﾘｰﾌﾞ(20φ)","L1.L2",0
135,,1,1132,"R78024A02","ﾛｯｸ解除用連結軸","L1.L2",0
136,,1,1133,"F47048A04","ﾀｰﾚｯﾄﾍｯﾄﾞ前ｶﾊﾞｰ","L1.L2",0
137,,1,1134,"F58318A02","FLANGE","L1.L2",0
138,,1,1135,"F45181A02","主軸前円盤 (荒加工)","L1.L2",0
139,,1,1136,"T20122A02","ﾎﾞｰﾘﾝｸﾞﾊﾞｰｽﾘｰﾌﾞ(25φ)","L1.L2",0
140,,1,1137,"T20118A04","ﾎﾞｰﾘﾝｸﾞﾊﾞｰｽﾘｰﾌﾞ(16φ)","L1.L2",0
141,,1,1138,"F58277A03","FLANGE","L1.L2",0
142,,1,1139,"R24247C04","ｱｰﾑﾚﾊﾞｰ軸","L1.L2.L3",0
143,,1,1140,"F34058A07","ｶﾗｰ(ﾊﾞｰ材)","L1",0
144,,1,1141,"F56392A01","FLANGE","L1.L2",0
145,,1,1142,"F76048A02","LID","L1.L2",0
146,,1,1143,"R24614B01","中間軸","L1.L2",0
147,,1,1144,"R78024A02","ﾛｯｸ解除用連結軸","MC後L3",0
148,,1,1145,"F45181A02","主軸前円盤","L3.L4.L5",0
149,,1,1146,"T20095B06","ﾎﾞｰﾘﾝｸﾞﾊﾞｰｽﾘｰﾌﾞ(3/4”)","L2",0
150,,1,1147,"F66392B01","FLANGE","L1.L2",0
151,,1,1148,"F58173B01","主軸前ｶﾊﾞｰ(2)","L1.L2.L3",0
152,,1,1149,"R33299A02","HYDAULIC CYLINDER","L1.L2",0
153,,1,1150,"R27093A05","前後用ﾚﾊﾞｰ軸ｶﾞｲﾄﾞ","L1～L4",0
154,,1,1151,"ZZ3944A","ﾎﾞｰﾘﾝｸﾞﾊﾞｰｽﾘｰﾌﾞ","L1.L2",0
155,,1,1152,"F58253A09","FLANGE","L1.L2",0
156,,1,1153,"F58384A03","FLANGE","L1.L2",0
157,,1,1154,"T20100A08","Uﾄﾞﾘﾙ用ｽﾘｰﾌﾞ(φ32)","L1.L2",0
158,,1,1155,"R27093A05","前後用ﾚﾊﾞｰ軸ｶﾞｲﾄﾞ","L5",0
159,,1,1156,"T20116A04","ﾎﾞｰﾘﾝｸﾞﾊﾞｰｽﾘｰﾌﾞ","L1",0
160,,1,1157,"T20120A02","ﾎﾞｰﾘﾝｸﾞﾊﾞｰｽﾘｰﾌﾞ","L1",0
161,,1,1158,"T20123A02","ﾎﾞｰﾘﾝｸﾞﾊﾞｰｽﾘｰﾌﾞ","L1",0
162,,1,1159,"T20190A03","ﾄﾞﾘﾙ用ｽﾘｰﾌﾞ(φ16)","L1.L2",0
163,,1,1160,"T20114A03","ﾎﾞｰﾘﾝｸﾞﾊﾞｰｽﾘｰﾌﾞ","L1",0
164,,1,1161,"F57692A01","HOUSING","L1",0
165,,1,1162,"T20086B09","ﾎﾞｰﾘﾝｸﾞﾊﾞｰｽﾘｰﾌﾞ","L2",0
166,,1,1163,"F57692A01","HOUSING","L2",0
167,,1,1164,"T20089B08","ﾎﾞｰﾘﾝｸﾞﾊﾞｰｽﾘｰﾌﾞ","L2",0
168,,1,1165,"2F690199A","FLANGE","L1.L2",0
169,,1,1166,"2F690197A","FLANGE","L1.L2",0
170,,1,1167,"F28067A04","ｼﾘﾝﾀﾞｱﾀﾞﾌﾟﾀｰ","L1.L2",0
171,,1,1168,"R27152B02","段取ST固定軸","L1～L3",0
172,,1,1169,"T20120A02","ﾎﾞｰﾘﾝｸﾞﾊﾞｰｽﾘｰﾌﾞ","L2",0
173,,1,1170,"F76082A01","偏心軸ﾌﾞｯｼｭ","L1.L2",0
174,,1,1171,"T20114A03","ﾎﾞｰﾘﾝｸﾞﾊﾞｰｽﾘｰﾌﾞ","L2",0
175,,1,1172,"T20123A02","ﾎﾞｰﾘﾝｸﾞﾊﾞｰｽﾘｰﾌﾞ","L2",0
176,,1,1173,"T20116A04","ﾎﾞｰﾘﾝｸﾞﾊﾞｰｽﾘｰﾌﾞ","L2",0
177,,1,1174,"ZZ3970A","CAGE","L1～L3",0
178,,1,1175,"2F6200114A","FLANGE","L1.L2",0
179,,1,1176,"F47268A07","FLANGE","L1.L2",0
180,,1,1177,"F66403A01","FLANGE","L1～L3",0
181,,1,1178,"F66404A01","FLANGE","L1～L3",0
182,,1,1179,"F57812A01","HOUSING","L1.L2",0
183,,1,1180,"A22267A01","ﾓｰﾀｰﾍﾞｰｽ (四角鋳造材)","L1.L2",0
184,,1,1181,"T20180A02","ﾎﾞｰﾘﾝｸﾞﾊﾞｰｽﾘｰﾌﾞ","L1",0
185,,1,1182,"R24676A01","ｶﾞｲﾄﾞ","L1.L2",0
186,,1,1183,"F51116A03","FLANGE","L1",0
187,,1,1184,"2B1300139A","ﾎﾙﾀﾞｰ","L1.L2",0
188,,1,1185,"T20119A04","ﾎﾞｰﾘﾝｸﾞﾊﾞｰｽﾘｰﾌﾞ","L1.L2",0
189,,1,1186,"2B1300140A","ﾎﾙﾀﾞｰ","L1.L2",0
190,,1,1187,"2B1012913A","ﾊﾟｯﾄ","L1.L2",0
191,,1,1188,"2R2200224A","ｼｬﾌﾄ","L1.L2",0
192,,1,1189,"2N83000054A","ｽｲﾍﾞﾙﾅｯﾄ","L1",0
193,,1,1190,"2N2400110A","ﾋﾝｼﾞﾎﾞﾙﾄ","L1.L2",0
194,,1,1191,"ZZ4316A","ｽﾃｯﾌﾟﾄﾞｽﾘｰﾌﾞ","L1.L2",0
195,,1,1192,"2F5100145","FLANGE","L1.L2",0
196,,1,1193,"2F5100144","FLANGE","L1.L2",0
197,,1,1194,"N29011A03","ﾌﾟﾙｽﾀｯﾄﾞﾎﾞﾙﾄ(MAS)50","L1.L2",0
198,,1,1195,"T22047A06","ﾄﾞﾘﾙｿｹｯﾄ(ｲﾝﾁ)","L1.L2",0
199,,1,1196,"T20121A02","ﾎﾞｰﾘﾝｸﾞﾊﾞｰｽﾘｰﾌﾞ","L2",0
200,,1,1197,"F38085A03","ｶﾗｰ(1)","L1.L2",0
201,,1,1198,"F58263A05","FLANGE","L1.L2",0
202,,1,1199,"T22012A03","ﾄﾞﾘﾙｿｹｯﾄN02(MT3)","L1.L2",0
203,,2,1200,"T22012A03","ﾄﾞﾘﾙｿｹｯﾄN02 (MT3)","L3",0
204,,2,1201,"F58282A02","主軸前ｶﾊﾞｰ","L1.2.3",0
205,,2,1202,"R28066A04","COUPLING","L1.L2",0
206,,2,1203,"F63276A03","SLEEVE","L1.2.3",0
207,,2,1204,"R61008A07","ｶﾑｽﾀｯﾄﾞ","L1",0
208,,2,1205,"F76044A07","LID","L1.2",0
209,,2,1206,"T20020A04","ﾎﾞｰﾘﾝｸﾞﾊﾞｰｽﾘｰﾌﾞ","L1.2",0
210,,2,1207,"R24743A01","ADAPTER","L1.2",0
211,,2,1208,"B05014A09","HOLDER","L1.2",0
212,,2,1209,"ZZ4314F","FLANGE","L1.2",0
213,,2,1210,"ZZ4379B","FLANGE","L1.2.3",0
214,,2,1211,"ZZ4313H","HOUSING","L1.2",0
215,,2,1212,"ZZ4380D","FLANGE","L1.2",0
216,,2,1213,"2F2900207A","CASE-B 加工治具","L1.2",0
217,,2,1214,"2F2900208B","CASE-B 加工治具","L1.2",0
218,,2,1215,"ZZ4357B","NUT","L1.2.3",0
219,,2,1216,"T20180A03","ﾎﾞｰﾘｸﾞﾊﾞｰｽﾘｰﾌﾞ","L2",0
220,,2,1217,"T20112A03","ﾎﾞｰﾘｸﾞﾊﾞｰｽﾘｰﾌﾞ","L1",0
221,,2,1218,"T20112A03","ﾎﾞｰﾘｸﾞﾊﾞｰｽﾘｰﾌﾞ","L2",0
222,,2,1219,"R32089B01","ｼﾘﾝﾀﾞ","L1.2",0
223,,2,1220,"N29009A04","ﾌﾟﾙｽﾀｯﾄﾞﾎﾞﾙﾄ(MAS)40","L1.2",0
224,,2,1221,"2F8000073E","FLANGE","L1.2",0
225,,2,1222,"2F8000074E","FLANGE","L1.2",0
226,,2,1223,"2F8000075E","FLANGE","L1.2",0
227,,2,1224,"2F8000076E","FLANGE","L1.2",0
228,,2,1225,"2F8000077E","FLANGE","L1.2",0
229,,2,1226,"2F8000085A","FLANGE","L1.2",0
230,,2,1227,"2F8000086A","FLANGE ","L1.2",0
231,,2,1228,"2F8000087A","FLANGE","L1.2",0
232,,2,1229,"2F8000088A","FLANGE","L1.2",0
233,,2,1230,"2F8000089A","FLANGE","L1.2",0
234,,2,1231,"2F8000090A","FLANGE","L1.2",0
235,,2,1232,"T20080A06","ﾎﾞｰﾘﾝｸﾞﾊﾞｰｽﾘｰﾌﾞ","L1",0
236,,2,1233,"T20078A05","ﾎﾞｰﾘﾝｸﾞﾊﾞｰｽﾘｰﾌﾞ","L1",0
237,,2,1234,"T20080A06","ﾎﾞｰﾘﾝｸﾞﾊﾞｰｽﾘｰﾌﾞ","L2",0
238,,2,1235,"T20078A05","ﾎﾞｰﾘﾝｸﾞﾊﾞｰｽﾘｰﾌﾞ","L2",0
239,,2,1236,"T22066A01","ﾄﾞﾘﾙｿｹｯﾄ(MT1用)ﾐﾘ","L1.2",0
240,,2,1237,"ZZ5088A","STRAIGHT.PIN","L1.2",0
241,,2,1238,"ZZ5077A","FLANGE","L1.2",0
242,,2,1239,"ZZ5076A","FLANGE","L1.2",0
243,,2,1240,"F67494B01","FLANGE","L1.2.3",0
244,,2,1241,"ZZ5092A","DIE","L1.2",0
245,,2,1242,"ZZ5093A","DIE","L1.2",0
246,,2,1243,"ZZ4992A","DIE","L1.2",0
247,,2,1244,"ZZ4993A","DIE","L1.2",0
248,,2,1245,"ZZ5170A","DIE","L1.2",0
249,,2,1246,"ZZ5171A","DIE","L1.2",0
250,,2,1247,"2F8000077F","FLANGE","L1.2",0
251,,2,1248,"2F8000090B","FLANGE","L1.2",0
252,,2,1249,"2F8000093A","FLANGE","L1.2",0
253,,2,1250,"ZZ5082A","COLLAR","L1.2",0
254,,2,1250,"ZZ5084A","COLLAR","L1.2",0
255,,2,1251,"ZZ5080A","FLANGE","L1.2",0
256,,2,1252,"ZZ5086A","FLANGE","L1.2",0
257,,2,1253,"ZZ5083A","FLANGE","L1.2",0
258,,2,1254,"ZZ5085A","COLLAR","L1.2",0
259,,2,1255,"ZZ5081A","COLLAR","L1.2",0
260,,2,1256,"ZZ5114A","FLANGE","L1.2",0
261,,2,1257,"B05006A12","HOLDER","L1.2.3",0
262,,2,1258,"F47268B01","FLANGE","L1.2",0
263,,2,1259,"ZZ4862A","FLANGE","L1.2",0
264,,2,1260,"ZZ4863A","FLANGE","L1.2.3",0
265,,2,1261,"ZZ4780B","FLANGE","L1.2",0
266,,2,1262,"ZZ4847B","RING","L1.2",0
267,,2,1263,"B35715A01","TOOL  GRIPER","L1.2.3",0
268,,2,1264,"B59310A01","POSITIONING  BLOCK","L1.2",0
269,,2,1264,"B56373A01","POSITIONING  BLOCK","L1.2",0
270,,2,1265,"F56250A02","HOUSING","L1.2",0
271,,2,1266,"F74117A01","FLANGE","L1.2",0
272,,2,1267,"F47165A01","FLANGE","L1.2",0
273,,2,1268,"F36056A09","COLLAR  (ﾊﾞｰ材)","L1",0
274,,2,1269,"R28141A01","CONE","L1.2",0
275,,2,1270,"R31349A01","PISTON","L1.2",0
276,,2,1271,"F34117A01","COLLAR  (ﾊﾞｰ材)","L1",0
277,,2,1272,"R29153A01","SHAFT","L1.2",0
278,,2,1273,"A36137A01","CYLINDER","L1.2",0
279,,2,1274,"R29154A01","SHAFT","L1.2",0
280,,2,1275,"B05009A07","40TACﾍﾞｱﾘﾝｸﾞ受","L1.2",0
281,,2,1276,"R0318A01","TAILSTOCK  SPINDLE ","L1.2",0
282,,2,1277,"F49131A01","COLLAR","L1.2.3",0
283,,2,1278,"F38071A05","ｽﾋﾟﾝﾄﾞﾙｶﾗｰ","L1.2",0
284,,2,1279,"ZZ4847D0","RING","L1.2",0
285,,2,1280,"ZZ5727","RING","L1.2",0
286,,2,1281,"F54044A40","ﾌﾗﾝｼﾞ   (ﾊﾞｰ材)","L1",0
287,,2,1282,"F38071A05","ｽﾋﾟﾝﾄﾞﾙｶﾗｰ","L3.4",0
288,,2,1283,"R24968A01","SHAFT","L1.2",0
289,,2,1284,"R24969A01","SHAFT","L1.2",0
290,,2,1285,"F63039A09","ｽﾘｰﾌﾞ","L1.2",0
291,,2,1286,"2N7900116A","LOCK NUT","L1.2",0
292,,2,1287,"2N7900115A","LOCK NUT","L1.2",0
293,,2,1288,"2R3009564B","PISTON","L1.2",0
294,,2,1289,"2B2900725A01","BLOCK","L1.2",0
295,,2,1290,"2B2900724A01","BLOCK","L1.2",0
296,,2,1291,"F63313A01","ﾌﾗﾝｼﾞ","L1.2",0
297,,2,1292,"ZZ5914A","ﾌﾗﾝｼﾞ","L1.2",0
298,,2,1293,"ZZ5915A","ﾌﾗﾝｼﾞ","L1.2",0
299,,2,1294,"ZZ5916A","ﾌﾗﾝｼﾞ","L1.2",0
300,,2,1295,"2R3009564B","PISTON","L3.4",0
301,,2,1296,"T20064","φ 20ﾎﾞｰﾘﾝｸﾞﾊﾞｰｽﾘｰﾌﾞ","L1.2",0
302,,2,1297,"R29153B01","SHAFT","L1.2",0
303,,2,1298,"F57909A01","ﾌﾗﾝｼﾞ","L1.2",0
304,,2,1299,"2R0900833A","SHAFT","L1.2",0
305,,2,1300,"F53303A01","ﾌﾗﾝｼﾞ","L1.2",0
306,,2,1301,"R21250A01","SHAFT","L1.2.3.4",0
307,,2,1302,"G40063Ｃ02","COUPLING","L1.2.3",0
308,,2,1303,"G41033A10","COUPLING","L1.2",0
309,,2,1304,"G40010C10","COUPLING","L1.2",0
310,,2,1305,"2Ｆ5700264A","ﾌﾗﾝｼﾞ","L1.2",0
311,,2,1306,"F34061A10","刃物台ｽﾋﾟﾝﾄﾞﾙｶﾗｰ (ﾊﾞｰ材)","L1.2",0
312,,2,1307,"R31349B01","PISTON","L1.2",0
313,,2,1308,"F70120A01","ふた  (ﾊﾞｰ材)","L1",0
314,,2,1309,"B35740A02","TRANSIT CLAMP FOR SHIPMEN","L1.2.3",0
315,,2,1310,"2F5700271A","ﾌﾗﾝｼﾞ","L1.2",0
316,,2,1311,"F34061A10","刃物台ｽﾋﾟﾝﾄﾞﾙｶﾗｰ","L2.3",0
317,,2,1312,"2T2000130A","ﾎﾞｰﾘﾝｸﾞﾊﾞｰｽﾘｰﾌﾞ","L1.2",0
318,,2,1313,"2T2000131A","ﾎﾞｰﾘﾝｸﾞﾊﾞｰｽﾘｰﾌﾞ","L1.2",0
319,,2,1314,"2T2000128A","ﾎﾞｰﾘﾝｸﾞﾊﾞｰｽﾘｰﾌﾞ","L1.2",0
320,,2,1315,"2T2000129A","ﾎﾞｰﾘﾝｸﾞﾊﾞｰｽﾘｰﾌﾞ","L1.2",0
321,,2,1316,"2R2600189A","PIN","L1.2",0
322,,2,1317,"2R2600185A","PIN","L1.2",0
323,,2,1318,"2R2600191A","PIN","L1.2",0
324,,2,1319,"F66427A01","ﾌﾗﾝｼﾞ","L1.2",0
325,,2,1320,"F57928A01","ﾌﾗﾝｼﾞ","L1.2",0
326,,2,1321,"G40108B02","COUP LING","L1.2",0
327,,2,1322,"G40110A01","COUP LING","L1.2.3",0
328,,2,1323,"G40109B02","COUP LING","L1.2",0
329,,2,1324,"G40111A02","COUP LING","L1.2.3",0
330,,2,1325,"G41090A04","COUP LING","L1.2",0
331,,2,1326,"G41089A04","COUP LING","L1.2",0
332,,2,1327,"G41091A03","COUP LING","L1.2.3",0
333,,2,1328,"F63305A01","ﾌﾗﾝｼﾞ","L1.2",0
334,,2,1329,"F63309A01","ﾌﾗﾝｼﾞ","L1.2",0
335,,2,1330,"F51291B01","ﾌﾗﾝｼﾞ","L1.2",0
336,,2,1331,"G40003B10","COUP LING","L1.2",0
337,,2,1332,"G40066A03]","COUP LING","L1.2",0
338,,2,1333,"G41065A03","COUP LING","L1.2",0
339,,2,1334,"G41050B03","COUP LING","L1.2",0
340,,2,1335,"G41028A08","COUP LING","L1.2",0
341,,2,1336,"G40053B03","COUP LING","L1.2",0
342,,2,1337,"R27061A03","前後用ﾚﾊﾞｰ軸ｶﾞｲﾄﾞ","L1.2.3.4",0
343,,2,1338,"G40106A02","COUP LING","L1.2",0
344,,2,1339,"G40107A03","COUP LING","L1.2",0
345,,2,1340,"G41003A10","COUP LING","L1.2",0
346,,2,1340,"G41032A10","COUP LING","L1.2",0
347,,2,1341,"R27061A03","前後用ﾚﾊﾞｰ軸ｶﾞｲﾄﾞ","L5",0
348,,2,1342,"R61008A07","ｶﾑｽﾀｯﾄﾞ","L2",0
349,,2,1343,"N71117B01","LOCK NUT","L1.2",0
350,,2,1344,"N41160A02","LOCK NUT","L1.2.3",0
351,,2,1345,"F47458A01","ﾌﾗﾝｼﾞ","L1.2",0
352,,2,1346,"R60164A02","SLEEVE","L1.2.3",0
353,,2,1347,"F57840C01","ﾌﾗﾝｼﾞ","L1.2",0
354,,2,1348,"F51289A01","RING","L1.2",0
355,,2,1349,"F67632A03","LID","L1.2",0
356,,2,1350,"N72173A03","LOCK NUT","L1.2.3",0
357,,2,1351,"F57840C01","ﾌﾗﾝｼﾞ","L3.4",0
358,,2,1352,"R30251A01","切削油ｶﾞｲﾄﾞﾋﾟｽﾄﾝ","L2",0
359,,2,1353,"G40069A05","COUP LING","L1.2",0
360,,2,1353,"G40062B04","COUP LING","L1.2",0
361,,2,1354,"G41064B05","COUP LING","L1.2.3",0
362,,2,1355,"G41094A01","COUP LING","L1.2",0
363,,2,1356,"N72172A03","LOCK NUT","L1.2.3",0
364,,2,1357,"F47432B01","ﾌﾗﾝｼﾞ","L1.2",0
365,,2,1358,"G41071B03","COUP LING","L1.2",0
366,,2,1359,"F63158A01","ﾌﾗﾝｼﾞ","L1.2",0
367,,2,1360,"F56197A01","ﾍﾞｱﾘﾝｸﾞｶﾊﾞｰ(2)","L1.2.",0
368,,2,1361,"F54335A02","ﾌﾗﾝｼﾞ","ｽﾃ L1.2",0
369,,2,1362,"F72057C01","ｽｲﾝｸﾞｱｰﾑ用ﾋﾟﾝ","L1.2",0
370,,2,1363,"F54335A02","ﾌﾗﾝｼﾞ   (焼入後)","L3",0
371,,2,1364,"R60165A02","SLEEVE","L1.2",0
372,,2,1365,"R31349C01","PISTON","L1.2",0
373,,2,1366,"F66418A01","ﾌﾗﾝｼﾞ","L1.2",0
374,,2,1367,"N72166A02","LOCK NUT","ｽﾃ L1.2",0
375,,2,1368,"N72165A01","LOCK NUT","ｽﾃ L1.2",0
376,,2,1369,"F51307A01","ﾌﾗﾝｼﾞ","L1.2",0
377,,2,1370,"N72166A02","LOCK NUT","L3.4",0
378,,2,1371,"N72165A01","LOCK NUT","L3.4",0
379,,2,1372,"F50159A01","ﾌﾗﾝｼﾞ","L1.2",0
380,,2,1373,"F57941A01","ﾌﾗﾝｼﾞ","L1.2.",0
381,,2,1374,"F39379A01","COLLAR","L1.2",0
382,,2,1375,"F47432B01","ﾌﾗﾝｼﾞ  (MC後)","L3.4",0
383,,2,1376,"F57765B01","ﾌﾗﾝｼﾞ","L1.2",0
384,,2,1377,"F57941A01","ﾌﾗﾝｼﾞ  (焼入後)","L3.4",0
385,,2,1378,"G03153B01","SPUR GEAR","L1.2",0
386,,2,1379,"G03154C01","SPUR GEAR","L1.2",0
387,,2,1380,"G03360A03","SPUR GEAR","L1.2",0
388,,2,1381,"F67405A02","ﾌﾗﾝｼﾞ","L1.2.3",0
389,,2,1382,"F78066B01","LID","L1.2",0
390,,2,1383,"F48531A04","ECCENTRICK RING","L1.2.3.4",0
391,,2,1384,"F48093A01","ECCENTRICK RING","L1.2.3",0
392,,2,1385,"F48093A01","ECCENTRICK RING","L4.5",0
393,,2,1386,"G19170B01","GEAR","L1.2",0
394,,2,1387,"G19173A01","GEAR","L1.2",0
395,,2,1388,"B51169B01","CLAMPING PLATE","L1.2",0
396,,2,1389,"F42261A01","ﾌﾗﾝｼﾞ","L1.2.3",0
397,,2,1390,"F45361A01","ﾌﾗﾝｼﾞ","L2.3.4",0
398,,2,1391,"F78065A04","LID","L1.2",0
399,,2,1392,"F66418B01","ﾌﾗﾝｼﾞ","L1.2",0
400,,2,1393,"B55269A01","POSITIONING BLOCK","L1.2",0
401,,2,1394,"T20132A03","ﾎﾞｰﾘﾝｸﾞﾊﾞｰｽﾘｰﾌﾞ","L1.2",0
402,,2,1395,"F40144B01","ﾌﾗﾝｼﾞ","L1.2",0
403,,2,1396,"F58508A03","ﾌﾗﾝｼﾞ","L1.2",0
404,,2,1397,"F67089A05","ｽﾃｯﾌﾟﾄﾞｽﾘｰﾌﾞ","L1.2",0
405,,2,1398,"B35727A02","BLOCK","L1.2",0
406,,2,1399,"G01202B01","SPUR GEAR","L1.2",0
407,,1,1054,"T10044A13","ﾎﾞｰﾘﾝｸﾞﾊﾞｰﾎﾙﾀﾞｰ","L1",0
408,,2,1250,"ZZ5079A","COLLAR","L1.2",0
409,,2,1250,"ZZ5087A","COLLAR","L1.2",0
410,,2,1292,"ZZ5913A","ﾌﾗﾝｼﾞ","L1.2",0
411,,2,1335,"G40004A09","COUP LING","L1.2",0
412,,3,1400,"G03470B01","SPUR GEAR","L1.2",0
413,,3,1401,"G03535A01","GEAR","L1.2",0
414,,3,1402,"G04191A01","SPUR GEAR","L1.2",0
415,,3,1403,"N73113A03","LOCK NUT","ｽﾃ L1.2",0
416,,3,1404,"G04188A02","SPUR GEAR","L1.2",0
417,,3,1405,"2F5700261A","FLANGE","ｽﾃ L1.2",0
418,,3,1406,"F47114B02","主軸皿バネ用カラー（２）","L1.2",0
419,,3,1407,"2R2600196C","PIN","L1.2",0
420,,3,1407,"2R2600200B","PIN","L1.2",0
421,,3,1408,"A36069A01","CYLINDER","L1",0
422,,3,1409,"N73113A03","LOCK NUT","L3.4",0
423,,3,1410,"R24584A05","SHAFT","L1.2",0
424,,3,1411,"A36060A04","CYLINDER","L1.2",0
425,,3,1412,"G40119A01","COUPLING","L1.2",0
426,,3,1413,"G41096A01","COUPLING","L1.2",0
427,,3,1414,"G40120A01","COUPLING","L1.2",0
428,,3,1415,"B51170B1","COUPLING PLATE","L1.2",0
429,,3,1416,"F67235B04","フランジ","L1.2.3",0
430,,3,1417,"F79007A02","COVER","L1.2",0
431,,3,1418,"F79005A01","COVER","L1.2",0
432,,3,1419,"F57640A01","フランジ","L1.2",0
433,,3,1420,"F57639A02","フランジ","L1.2",0
434,,3,1421,"T20106A08","ﾎﾞｰﾘﾝｸﾞﾊﾞｰｽﾘｰﾌﾞ","L1.2",0
435,,3,1422,"T20108A07","ﾎﾞｰﾘﾝｸﾞﾊﾞｰｽﾘｰﾌﾞ","L1.2",0
436,,3,1423,"T20110A07","ﾎﾞｰﾘﾝｸﾞﾊﾞｰｽﾘｰﾌﾞ","L1.2",0
437,,3,1424,"2T0000125A","HOLDER","L1.2",0
438,,3,1425,"F57648A01","フランジ","L1.2",0
439,,3,1426,"2F6600161A","FLANGE","L1.2",0
440,,3,1427,"F57668A02","FLANGE","L1.2",0
441,,3,1428,"F58306A02","FLANGE","L1.2",0
442,,3,1429,"2B5900877A","BLOCK","L1.2",0
443,,3,1429,"ZZ769A01","BKOCK","L1.2",0
444,,3,1430,"F79008A01","COVER","L1.2",0
445,,3,1431,"B47320A01","HOLDER","L1",0
446,,3,1432,"R60165B01","SLEEVE","L1.2",0
447,,3,1433,"G29024A01","COUPLING","L1.2",0
448,,3,1434,"G29025A02","COUPLING","L1.2",0
449,,3,1435,"F57646A03","RING(MM)","L1.2.3",0
450,,3,1436,"F56286A02","FLANGE","L1.2",0
451,,3,1437,"F46095A01","FLANGE","L1.2",0
452,,3,1438,"F70129A01","LID","L1.2",0
453,,3,1439,"F63180A01","FLANGE","L1.2",0
454,,3,1440,"F47273B03","カラー","L1.2",0
455,,3,1441,"F57663B01","FLANGE","L1.2",0
456,3573,3,1442,"B70155B01","PROXIMITY SWITCH MOUNTING PLATE","L1.2",1
457,3931,3,1442,"B70165A01","PROXIMITY SWITCH MOUNTING PLATE","L1.2",1
458,,3,1443,"F69093A01","CYLINDER COVER","L1.2",0
459,,3,1444,"R33331A01","CYLINDER","L1.2",0
460,,3,1445,"G41004A04","COUPLING","L1.2",0
461,,3,1446,"F69099A01","FLANGE","L1.2",0
462,,3,1447,"F69092A01","CYLINDER COVER","L1.2",0
463,,3,1448,"F69097A01","FLANGE","L1.2",0
464,3577,3,1449,"G0A332A01","COUPLING","L1.2",0
465,,3,1450,"G0A333A01","COUPLING","L1.2",0
466,,3,1451,"F53222A01","FLANGE","L1.2",0
467,,3,1452,"F77128A02","FLANGE","L1.2",0
468,,3,1453,"F56296A01","FLANGE","L1.2",0
469,,3,1454,"F69104A01","FLANGE","L1.2",0
470,,3,1455,"F37094A01","COLLAR  （バー材）","L1",0
471,,3,1456,"F41075A01","FLANGE  （バー材）","L1",0
472,,3,1457,"G06075A01","SPUR GEAR","L1.2",0
473,,3,1458,"B59106A01","BLOCK","L1.2",0
474,,3,1459,"F51134A01","RING","L1",0
475,,3,1460,"F57967A02","STEPD SLEEVE","L1",0
476,,3,1461,"F57967A02","STEPD SLEEVE","L2.3",0
477,,3,1462,"F21015B05","ｼﾘﾝﾀﾞｰｱﾀﾞﾌﾟﾀｰ","L1.2",0
478,,3,1463,"F57561A03","フランジ","L1.2.3",0
479,,3,1463,"F57561B01","フランジ","L1.2.3",0
480,,3,1464,"F66271B01","DETECTING RING BRACKET","L1.2",0
481,,3,1465,"F69117A04","FLANGE","L1.2",0
482,,3,1465,"F69118A04","FLANGE","L1.2",0
483,,3,1466,"B54220A01","BLOCK","L1.2",0
484,,3,1467,"R24770A01","SHAFT","L1.2",0
485,,3,1468,"F51127B02","FLANGE","L1.2",0
486,,3,1469,"T20066A05","ﾎﾞｰﾘﾝｸﾞﾊﾞｰｽﾘｰﾌﾞ　φ１６","L1.2",0
487,,3,1470,"G40188A01","カップリング","L1.2",0
488,,3,1471,"G40187A01","カップリング","L1.2",0
489,,3,1472,"F57640B02","FLANGE","L1.2.3",0
490,,3,1472,"F57640C01","FLANGE","L1.2.3",0
491,,3,1473,"G41111A01","カップリング","L1.2",0
492,,3,1474,"F58328A03","フランジ","L1.2.3",0
493,,3,1475,"F35076A02","COLLAR  （バー材）","L1",0
494,,3,1476,"G41107A02","カップリング","L1.2",0
495,,3,1477,"F66117A05","FLANGE","L3.4",0
496,,3,1477,"F66118A05","FLANGE","L3.4",0
497,,3,1478,"G06076A02","SPUR GEAR","L1,2",0
498,,3,1479,"G06077A01","SPUR GEAR","L1.2",0
499,,3,1480,"F69112A01","FLANGE","L1",0
500,,3,1481,"F83009A02","BASE","L1.2",0
501,,3,1481,"2F5600225A","BASE","L1.2",0
502,,3,1482,"F57990A01","SLEEVE","L1.2.3",0
503,,3,1483,"F57986A01","FLANGE","L1.2.3",0
504,,3,1484,"F83038A04","SLEEVE","L1.2",0
505,,3,1485,"F57992A01","FLANGE","L1.2.3",0
506,,3,1486,"F42143A02","FLANGE","L1.2",0
507,,3,1486,"F42143B03","FLANGE","L1.2",0
508,,3,1487,"F63190A02","FLANGE","L1.2",0
509,,3,1488,"F55322A02","FLANGE","L1.2",0
510,,3,1489,"F75051A01","FLANGE","L1.2",0
511,,3,1490,"F57988A01","FLANGE","L1",0
512,,3,1491,"F83027A01","FLANGE","L1.2.3",0
513,,3,1492,"F57989A02","フランジ","L1.2.3",0
514,,3,1493,"F83049A01","FLANGE","L1.2.3",0
515,,3,1494,"F83047A01","FLANGE","L1.2",0
516,,3,1495,"F56311A01","FLANGE","L1.2",0
517,,3,1496,"F55330A03","FLANGE","L1.2",0
518,,3,1497,"F69138A01","FLANGE","L1.2",0
519,,3,1498,"F54188A02","FLANGE","L1.2",0
520,,3,1499,"F69111A02","FLANGE","L1.2",0
521,,3,1500,"F69110A02","FLANGE","L1.2",0
522,,3,1501,"F47318A01","FLANGE","L1.2",0
523,,3,1502,"F56307A02","FLANGE","L1.2",0
524,,3,1503,"G41101A01","COUPLING","L1.2",0
525,,3,1504,"F66275A01","DETECTING RING BRACKET","L1.2",0
526,,3,1505,"F69109A02","COVER","L1",0
527,,3,1506,"G0A344A01","COUPLING","L1.2",0
528,,3,1507,"F83003A03","FLANGE","L1.2.3",0
529,3816,3,1508,"F48097A01","ECCENTRIC RING","L1.2.3",0
530,3816,3,1509,"F48097A01","ECCENTRIC RING","L4",0
531,,3,1510,"F66276A01","FLANGE","L1.2",0
532,,3,1511,"A36077B02","BASE","L1.2",0
533,,3,1512,"A36078B01","BASE","L1.2",0
534,,3,1513,"F67440A04","SLEEVE","L1.2",0
535,,3,1514,"R31213B01","PISTON","L1.2",0
536,,3,1515,"R26205B01","SHAFT","L1.2",0
537,,3,1516,"F56311B01","FLANGE","L1.2",0
538,,3,1517,"F70031B06","Ｕﾄﾞﾘﾙﾎﾙﾀﾞｰﾌﾀ　（バー材）","L1",0
539,,3,1518,"T20216A01","ﾎﾞｰﾘﾝｸﾞﾊﾞｰｽﾘｰﾌﾞ","L1.2",0
540,,3,1519,"F58396A01","FLANGE","L1.2",0
541,,3,1520,"F53249A01","FLANGE","L1.2",0
542,,3,1521,"F51165B01","FLANGE","L1.2",0
543,,3,1522,"T20217A01","ﾎﾞｰﾘﾝｸﾞﾊﾞｰｽﾘｰﾌﾞ","L1.2",0
544,,3,1523,"F55378A01","COLLOR","L1.2",0
545,,3,1524,"F76068A01","LID","L1.2.3",0
546,,3,1525,"R25110E04","ピン","L1.2",0
547,,3,1526,"T20185A02","ﾎﾞｰﾘﾝｸﾞﾊﾞｰｽﾘｰﾌﾞ","L1.2",0
548,,3,1526,"F64191A01","FLANGE","L1.2",0
550,,4,2000,"H15501－5123","CSPP130－5123ﾊﾌﾞ","L1.L2",0
551,,4,2001,"BC16417","CSPP75ﾎﾞｰﾙｷｬﾘﾔｰ","L1.L2.L3",0
552,,4,2002,"SS3005－4  (MC3005)","ｽﾌﾟﾘﾝｸﾞ支持輪","L1.L2",0
553,,4,2003,"H48406－138MN－7","軸付ﾊﾌﾞ","L1.L2",0
554,,4,2003,"MDU14－138MN","軸付ﾊﾌﾞ","L1.L2",0
555,,4,2004,"H15901－1","CTHP2ﾊﾌﾞ","L1.L2",0
556,,4,2005,"DR15404－5","CTHP75ﾄﾞﾗｲﾌﾞﾘﾝｸﾞ","L1.L2.L3",0
557,,4,2006,"H10301，X－4","CSCP40，Xﾊﾌﾞ","L1.L2.L3",0
558,,4,2006,"CSCP40","CSCP40，Xﾊﾌﾞ","CSCP40，Xﾊﾌﾞ",0
559,,4,2007,"3912322－1","DEX02－123用 中間軸","L1.L2.L3",0
560,,4,2008,"3912323","DEX02－123用 出力軸","L1",0
561,,4,2009,"3912321","DEX02－123用 入力軸","L1",0
562,,4,2010,"RC3006R－2","ﾛｰﾙｹｰｼﾞ","L1.L2",0
563,,4,2010,"MC3006R","ﾛｰﾙｹｰｼﾞ","L1.L2",0
564,,4,2011,"RC2004－2  (MC2004)","ﾛｰﾙｹｰｼﾞ","L1.L2",0
565,,4,2012,"C3005－1(MC3005)","ｶﾑ","L1.L2",0
566,,4,2013,"H15001－5","CTHP16ﾊﾌﾞ","L1.L2",0
567,,4,2014,"S2004－4　　(MC2004)","ｽﾘｰﾌﾞ","L1.L2",0
568,,4,2015,"H10201，X－2","CSCP10，Xﾊﾌﾞ","L1.L2.L3",0
569,,4,2015,"CSCP10","CSCP10，Xﾊﾌﾞ","L1.L2.L3",0
570,,4,2016,"H10101，X－2","CSCP5，Xﾊﾌﾞ","L1.L2",0
571,,4,2016,"CSCP5","CSCP5，Xﾊﾌﾞ","L1.L2",1
572,,4,2017,"BC16517－2","CSPP130ﾎﾞｰﾙｷｬﾘﾔｰ","L1.L2.L3",0
573,,4,2018,"CP2004－3","ｹｰｼﾞﾌﾟﾚｰﾄ","L1.L2",0
574,,4,2019,"DR16117－10","CSPP25ﾄﾞﾗｲﾌﾞﾘﾝｸﾞ","L1.L2.L3",0
575,,4,2020,"H15301－5","CTHP55ﾊﾌﾞ","L1.L2",0
576,,4,2021,"BC16117－1","CSPP25ﾎﾞｰﾙｷｬﾘﾔｰ","L1.L2.L3",0
577,,4,2022,"H15501－5069","CTHP130－5069ﾊﾌﾞ","L1.L2",0
578,,4,2023,"H84301-5125","CTHS200-5125ﾊﾌﾞ","L1.L2",0
579,,4,2024,"H84301-5122","CTHS200-5122ﾊﾌﾞ","L1.L2",0
580,,4,2025,"CR15304-6","CTHP55ﾄﾞﾗｲﾌﾞﾘﾝｸﾞ","L1.L2.L3",0
581,,4,2026,"CSPP75-4413","CSPP75-4413軸付ﾊﾌﾞ","L1.L2",0
582,,4,2027,,"RM20  (ﾊﾞｰ材)","L1",0
583,,4,2028,"SS3008-3　　（MC3008）","ｽﾌﾟﾘﾝｸﾞ支持輪","L1.L2",0
584,,4,2029,,"RM20","L2",0
585,,4,2030,"C3008-2　　（MC3008）","ｶﾑ","L1.L2",0
586,,4,2031,"SS3006-4（MC3006）","ｽﾌﾟﾘﾝｸﾞ支持輪","L1.L2",0
587,,4,2032,"RC3005-4（MC3005）","ﾛｰﾙｹｰｼﾞ","L1.L2",0
588,,4,2033,,"RM40","L1.L2",0
589,,4,2034,"02-22-MC3006-4","02-22-MC3006ｶﾑ","L1.L2",0
590,,4,2035,,"RM30","L1.L2",0
591,,4,2036,"SH-CB030-5","SCB030ｼｬﾌﾄ","L1.L2",0
592,,4,2037,"SH-CB060-4","SCB060ｼｬﾌﾄ","L1.L2",0
593,,4,2038,"H10401-6","CSCP60ﾊﾌﾞ","L1.L2",0
594,,4,2039,"310401-4255-1","CSCP60-4255ﾊﾌﾞ","L1.L2",0
595,,4,2040,"CPL29014A1-3","BCD120ｾﾝﾀｰﾌﾟﾚｰﾄ","L1.L2.L3",0
596,,4,2041,"23-MC3008-4000","ﾛｰﾙｹｰｼﾞ","L1.L2",0
597,,4,2041,"MC3008-4000","ﾛｰﾙｹｰｼﾞ","L1.L2",0
598,,4,2042,"H15101-5","CTHP25ﾊﾌﾞ","L1.L2",0
599,,4,2043,"C3006-2　　（MC3006）","ｶﾑ","L1.L2",0
600,,4,2044,"315104-4455-3","CTHP25-4455用ﾄﾞﾗｲﾌﾞﾘﾝｸﾞ","L1.L2.L3",0
601,,4,2045,"H15601-4","CTHP207ﾊﾌﾞ","L1.L2",0
602,,4,2046,"315201-4","CTHP38ﾊﾌﾞ","L1.L2",0
603,,4,2046,"CTHP38","CTHP38ﾊﾌﾞ","L1.L2",0
604,,4,2047,"H48206-128MN","MDU7-128MN軸付ﾊﾌﾞ","L1.L2",0
605,,4,2047,"MDU7-128MN","MDU7-128MN軸付ﾊﾌﾞ","L1.L2",0
606,,4,2048,"SH18801-3","CDP135用ｽﾌﾟﾗｲﾝﾊﾌﾞ","L1.L2",0
607,,4,2048,"CDP135MNL","CDP135用ｽﾌﾟﾗｲﾝﾊﾌﾞ","L1.L2",0
608,,4,2049,"H15401-4","CTHP75 ﾊﾌﾞ","L1.L2",0
609,,4,2049,"CTHP75","CTHP75 ﾊﾌﾞ","L1.L2",0
610,,4,2050,"AD10407-2","CSCP60ｽﾌﾟﾗｲﾝｱﾀﾞﾌﾟﾀ","L1.L2.L3",0
611,,4,2050,"CSCP60","CSCP60ｽﾌﾟﾗｲﾝｱﾀﾞﾌﾟﾀ","L1.L2.L3",0
612,,4,2051,"DR15504-6","CTHP130 ﾄﾞﾗｲﾌﾞﾘﾝｸﾞ","L1.L2.L3",0
613,,4,2051,"CTHP130","CTHP130 ﾄﾞﾗｲﾌﾞﾘﾝｸﾞ","L1.L2.L3",0
614,,4,2052,"DR15604-7","CTHP207 ﾄﾞﾗｲﾌﾞﾘﾝｸﾞ","L1.L2.L3",0
615,,4,2052,"CTHP207","CTHP207 ﾄﾞﾗｲﾌﾞﾘﾝｸﾞ","L1.L2.L3",0
616,,4,2053,"H48106-124MN-2","MDU5-124MN軸付ﾊﾌﾞ","L1.L2",0
617,,4,2053,"MDU5-124MN","MDU5-124MN軸付ﾊﾌﾞ","L1.L2",0
618,,4,2054,"DR15704-6","CTHP350 ﾄﾞﾗｲﾌﾞﾘﾝｸﾞ","L1.L2.L3",0
619,,4,2054,"CTHP350","CTHP350 ﾄﾞﾗｲﾌﾞﾘﾝｸﾞ","L1.L2.L3",0
620,,4,2055,"MHB050NR-2","MHB050調整ﾘﾝｸﾞ(ﾊﾞｰ材)","L1",0
621,,4,2056,"MHB050HUG-1","MHB050ﾊｳｼﾞﾝｸﾞ(ﾊﾞｰ材)","L1",0
622,,4,2057,"S1001-4  MC1001","ｽﾘｰﾌﾞ","L1.L2",0
623,,4,2058,"BC16317-1","CSPP55 ﾎﾞｰﾙｷｬﾘﾔｰ","L1.L2.L3",0
624,,4,2058,"CSPP55","CSPP55 ﾎﾞｰﾙｷｬﾘﾔｰ","L1.L2.L3",0
625,,4,2059,"H30201-2","DSDP10 ﾊﾌﾞ","L1.L2.L3",0
626,,4,2059,"DSDP10","DSDP10 ﾊﾌﾞ","L1.L2.L3",0
627,,4,2060,"DR15204-7","CTHP38 ﾄﾞﾗｲﾌﾞﾘﾝｸﾞ","L1.L2.L3",0
628,,4,2061,,"RM35","L2",0
629,,4,2062,"BD30202-1","DSDP10ﾌﾞﾚｰｷ用ﾃﾞｨｽｸ","L1.L2",0
630,,4,2063,"DR16417-8","CSPP75 ﾄﾞﾗｲﾌﾞﾘﾝｸﾞ","L1.L2.L3",0
631,,4,2064,"315601-4565-2","CSPP207-4565 ﾊﾌﾞ","L1.L2",0
632,,4,2065,"DR151047-5","CTHP25 ﾄﾞﾗｲﾌﾞﾘﾝｸﾞ","L1.L2.L3",0
633,,4,2066,"CPL29214A13","BCD130ｾﾝﾀｰﾌﾟﾚｰﾄ","L1.L2.L3",0
634,,4,2067,"DR15004-4","CTHP16 ﾄﾞﾗｲﾌﾞﾘﾝｸﾞ","L1.L2.L3",0
635,,4,2068,"PS2004-4  (MC2004)","ﾄﾘｯﾌﾟﾋﾟﾝｻﾎﾟｰﾄ   (ﾊﾞｰ材)","L1",0
636,,4,2069,"H19407-2","CTLP120 ﾊﾌﾞ","L1.L2",0
637,,4,2070,"315201-4754-3","CTHP38-4754用 ﾊﾌﾞ","L1.L2",0
638,,4,2071,"913504-1","BMK740 ﾊﾌﾞ","L1.L2",0
639,,4,2072,"315204-4754-2","CTHP38-4754用ﾄﾞﾗｲﾌﾞﾘﾝｸﾞ","L1.L2.L3",0
640,,4,2073,"913502-1","ﾋﾟｽﾄﾝ","L1.L2",0
641,,4,2074,"H29113-3","BCD220，X ﾊﾌﾞ","L1.L2",0
642,,4,2075,"S1003-4 (MC1003)","ｽﾘｰﾌﾞ","L1.L2",0
643,,4,2076,"H19307-4821","CTLP70-4821 ﾊﾌﾞ","L1.L2",0
644,,4,2077,"DR19310-4821-1","CTLP70-4821ﾄﾞﾗｲﾌﾞﾘﾝｸﾞ","L1.L2.L3",0
645,,4,2078,"H15001-5165","CTHP16-5165 ﾊﾌﾞ","L1.L2",0
646,,4,2079,"H19107-2","CTLP25 ﾊﾌﾞ","L1.L2",0
647,,4,2080,"SF49111-124-4848","MIU5-124-4848入力軸付ﾊﾌﾞ","L1.L2",0
648,,4,2081,"315115-4455-1","CTHP25-4455 ﾄﾞﾗｲﾌﾞﾃﾞｨｽｸ","L1.L2",0
649,,4,2082,"315101-4455-2","CTHP25-4455 ﾊﾌﾞ","L1.L2",0
650,,4,2083,"315601-4495","CTHP207-4495 ﾊﾌﾞ","L1.L2",0
651,,4,2084,,"RM25","L1.L2",0
652,,4,2085,"3912421","DEX02-124用入力軸","L1.L2.L3",0
653,,4,2086,"3912422","DEX02-124用中間軸","L1.L2.L3",0
654,,4,2087,"3912423","DEX02-124用出力軸","L1.L2",0
655,,4,2088,"315401-4971","CSPP75-4971 軸付ﾊﾌﾞ","L1.L2",0
656,,4,2089,"H15501-4","CTHP130ﾊﾌﾞ","L1.L2",0
657,,4,2090,"315500-5191","CTHP130-5191 ﾊﾌﾞ","L1.L2",0
658,,4,2091,"CH2004-4","ｶﾑ付ﾊﾌﾞ","L1.L2",0
659,,4,2092,"H15701-3","CTHP350ﾊﾌﾞ","L1.L2",0
660,,4,2093,"CD30309-5","DSDP30，Xｸﾗｯﾁ用ﾃﾞｨｽｸ","L1.L2",0
661,,4,2094,"H19007-2","CTLP10ﾊﾌﾞ","L1.L2",0
662,,4,2095,"SH28801-2","BDP135用ｽﾌﾟﾗｲﾝﾊﾌﾞ","L1.L2",0
663,,4,2096,"DR16517-5","CSPP130ﾄﾞﾗｲﾌﾞﾘﾝｸﾞ","L1.L2.L3",0
664,,4,2097,"DD15415-4817","CTHP75-4817用ﾄﾞﾗｲﾌﾞﾃﾞｨｽｸ","L1.L2",1
665,,4,2098,"H15401-4817","CTHP75-4817用ﾊﾌﾞ","L1.L2",0
666,,4,2099,"S73085-5","IA30 (ｲﾝｻｰﾄ)","L1",0
667,,4,2100,"BD30302-1","DSDP30，Xﾌﾞﾚｰｷ用ﾃﾞｨｽｸ","L1.L2",0
668,,4,2101,"H15801-5196","CTHP700-5196ﾊﾌﾞ","L1.L2",0
669,,4,2102,"H19307-4659-3","CTLP70-4659ﾊﾌﾞ","L1.L2",0
670,,4,2103,"TC2004-4","ﾄﾘｯﾌﾟｶﾑ","L1",0
671,,4,2104,"SHB13005-4753-2","CSMP-4753用ｼｬﾌﾄﾊﾌﾞ","L2",0
672,,4,2105,"RC1001-1","ﾛｰﾙｹﾞｰｼﾞ","L1.L2",0
673,,4,2106,"CSPP38","ﾎﾞｰﾙｷｬﾘﾔｰ","L1.L2.L3",0
674,,4,2107,"DR84204-5141","CTHS150-5141用ﾄﾞﾗｲﾌﾞﾘﾝｸﾞ","L1.L2.L3",0
675,,4,2108,"H84201-5141","CTHS150-5141ﾊﾌﾞ","L1.L2",0
676,,4,2109,,"RM50","L1.L2",0
677,,4,2110,"H19607-2","CTLP320ﾊﾌﾞ","L1.L2",0
678,,4,2111,"DR16017-6","CSPP16ﾄﾞﾗｲﾌﾞﾘﾝｸﾞ","L1.L2.L3",0
679,,4,2112,"23-MC3005-4003","ﾛｰﾙｹﾞｰｼﾞ","L1.L2",0
680,,4,2113,"329213-4347-1","BCD130-4347ﾊﾌﾞ","L1.L2",0
681,,4,2114,"BC16617-1","CSPP207ﾎﾞｰﾙｷｬﾘﾔｰ","L1.L2.L3",0
682,,4,2115,"DR16617-7","CSPP207ﾄﾞﾗｲﾌﾞﾘﾝｸﾞ","L1.L2.L3",0
683,,4,2116,"H30001-3","DSDP1-ﾊﾌﾞ-3","L1.L2",0
684,,4,2117,"H30301-2","DSDP30，Xﾊﾌﾞ","L1.L2.L3",0
685,,4,2118,"DR16717-4","CSPP350ﾄﾞﾗｲﾌﾞﾘﾝｸﾞ","L1.L2.L3",0
686,,4,2119,"H15401-5104","CTHP75-5104ﾊﾌﾞ","L1.L2",0
687,,4,2120,"DD16717-3","CSPP350ﾄﾞﾗｲﾌﾞﾃﾞｨｽｸ","L1.L2",0
688,,4,2121,"BD30002-4","DSDP1ﾌﾞﾚｰｷ用ﾃﾞｨｽｸ","L1.L2",0
689,,4,2122,"MHB102HUG-4","MHB102用ハウジング","L1",0
690,,4,2123,"MHB102NR-4","MHB102用調整リング","L1",0
691,,4,2124,"MHB102    32110203A1-3","MHB102用ヨークB","L..L2",0
692,,4,2125,"PS2006-2","ピンサポート","L1.L2",0
693,,4,2126,"315104-4242-1","CTHP25-4242用　ドライブリング","L1.2.3",0
694,,4,2127,"315115-4242-1","CTHP25-4242用　ドライブディスク","L.L2",0
695,,4,2128,"315101-4242-2","CTHP25-4242用　ハブ","L.L2",0
696,,4,2129,"CP2004-3(MC2004)","ゲージプレート（バー材）","L1",0
697,,4,2130,"MHB102SF-3","MHB102用軸","L3",0
698,,4,2131,"CP2006-1","ゲージプレート","L.L2",0
699,,4,2132,"H19207-2","CTLP50","L1.L2",0
700,,4,2133,"DR15904-1","CTHP2 ドライブリング","L.L2",0
701,,4,2134,"H10201-4982","CSPP10-4982 ハブ","L1.2.3",0
702,,4,2135,"913502-2","BMK1200用ピストン-2","L.L2",0
703,,4,2136,"B27009,X-4","BTC用　固定ボルト","L.L2",0
704,,4,2137,"CEX25-139-1","アマチュア","L.L2",0
705,,4,2138,"H84401","CTHS250ハブ","L1.2",0
706,,4,2139,"DR84404","CTHS250ドライブリング","L1.2.3",0
707,,4,2140,"DD15715-4","CTHP350ドライブディスク","L1.L2",0
708,,4,2141,"23-MC1101","ロールケージ","L1.L2",0
709,,4,2142,"RC1003-3(MC1003)","ロールケージ","L1.2",0
710,,4,2143,"D13002-5313","CSMP2-5313 ディスク","L.L2",0
711,,4,2144,"SH13005-5313","ＣＳＭＰ２-５３１３用シャフトハブ","L.L2",0
712,,4,2145,"DD15915-1","CTHP2 ドライブディスク","L.L2",0
713,,4,2146,"D10403-3","CSCP60 ディスク","L1.2",0
714,,4,2147,"02-34-MC3006-7","02MC3006スプリング支持輪","L.L2",0
715,,4,2148,"TC2006-5","トリップカム","L1.2",0
716,,4,2149,"H89407-5254","CTLHS250-5254 ハブ","L1.L2",0
717,,4,2150,"2110202A1-3","MHB102用ヨークA","L1.L2",0
718,,4,2151,"S2006-3","スリーブ","L1.L2",0
719,,4,2152,"D13002-5313","CSMP2-5313 ディスク (バー材）","L1",0
720,,4,2153,"H84001","CTHS50 ハブ","L1.L2",0
721,,4,2154,"H29313-2","BCD230 ハブ","L1.L2",0
722,,4,2155,"CH52001-1","ACH01キャリパーハウジング","L1",0
723,,4,2156,"H29213","BCD130 ハブ","L1.L2",0
724,,4,2157,"DR15304-5122","CTHS200-5122 ドライブリング","L1.2.3",0
725,,4,2158,"H84301","CTHS200  ハブ","L1.2",0
726,,4,2159,"CC6AD","CSCP100スプラインアダブタ","L1.2",0
727,,4,2160,"CC6SHB","CSCP100スプラインハブ","L1.2",0
728,,4,2161,"RM16","RM16","L1",0
729,,4,2162,"RM16","RM16","L2",0
730,,4,2163,"H10201-5394","CSCP10-5394ハブ","L1.2.3",0
731,,4,2164,"RM35","RM35","L1",0
732,,4,2165,"OF-EG300","EG300 出力フランジ","L1.2",0
733,,4,2166,"DD-EG300","EG300 ドライブディスク","L1.2",0
734,,4,2167,"OSF-EG300","EG300 出力軸","L1.2",0
735,,4,2168,"ISF-EG300","EG300 入力軸","L1.2",0
737,,5,3000,"HMC32N","ﾘﾃｰﾅ","L1",0
738,,5,3001,"D24-MT1","本体","L1.L2",0
739,,5,3002,"D24-MT2","本体","L1.L2",0
740,,5,3003,"MEGA32D/B","ﾆｰﾄﾞﾙﾘﾃｰﾅ","L1",0
741,,5,3004,"D33-MT2","本体","L1.L2",0
742,,5,3005,"HMC20N  (MEGA20G)","ﾘﾃｰﾅ","L1",0
743,,5,3006,"D33-MT1","本体","L1.L2",0
744,,5,3007,"MEGA20D/B","ﾆｰﾄﾞﾙﾘﾃｰﾅ","L1",0
745,,5,3008,"D33-MT3","本体","L1.L2",0
746,,5,3009,"MEGA20D/B","ｽﾄｯﾊﾟｰﾌﾟﾚｰﾄ","L1",0
747,,5,3010,"D24-MT3","本体","L1.L2",0
748,,5,3011,"D33-MT4","本体","L1.L2",0
749,,5,3012,"MEGA32D/B","ｽﾄｯﾊﾟｰﾌﾟﾚｰﾄ","L1",0
750,,5,3013,"HMC32W","ｽﾄｯﾊﾟｰﾌﾟﾚｰﾄ","L1",0
751,,5,3014,"HMC32NZ","ｽﾄｯﾊﾟｰﾌﾟﾚｰﾄ","L1",0
752,,5,3015,"HMC20NW","ｽﾄｯﾊﾟｰﾌﾟﾚｰﾄ","L1 ",0
753,,5,3016,"MEGA32D/NB","ﾆｰﾄﾞﾙﾘﾃｰﾅ","L1",0
754,,5,3017,"MEGA32G","ﾘﾃｰﾅ","L1",0
755,,5,3018,"HMC32","ﾘﾃｰﾅ","L1",0
756,,5,3019,"MEGA32D/NB","ｽﾄｯﾊﾟｰﾌﾟﾚｰﾄ","L1",0
757,,5,3020,"HMC25Z","ｽﾄｯﾊﾟｰﾌﾟﾚｰﾄ","L1",0
758,,5,3021,"MEGA20D/NB","ｽﾄｯﾊﾟｰﾌﾟﾚｰﾄ","L1",0
759,,5,3022,"MEGA25D/NB","ﾆｰﾄﾞﾙﾘﾃｰﾅ","L1",0
760,,5,3023,"HMC25  (MEGA25G)","ﾘﾃｰﾅ","L1",0
761,,5,3024,"AUTO-D16","ﾌﾞｯｼｭ","L1",0
762,,5,3025,"HMC20","ﾘﾃｰﾅ","L1",0
763,,5,3026,"BT40-HMC20-60","ﾆｰﾄﾞﾙﾘﾃｰﾅ","L1",0
764,,5,3027,"MEGA20D/NB  ","ﾆｰﾄﾞﾙﾘﾃｰﾅ","L1",0
765,,5,3028,"MEGA16D/B  ","ﾆｰﾄﾞﾙﾘﾃｰﾅ","L1",0
766,,5,3029,"MEGA16G  ","ﾆｰﾄﾞﾙﾘﾃｰﾅ","L1",0
767,,5,3030,"MEGA25D/B  ","ﾆｰﾄﾞﾙﾘﾃｰﾅ","L1",0
768,,5,3031,"HMC42Z","ｽﾄｯﾊﾟｰﾌﾟﾚｰﾄ","L1",0
769,,5,3032,"MEGA16D/B  ","ｽﾄｯﾊﾟｰﾌﾟﾚｰﾄ","L1",0
770,,5,3033,"MEGA25D/(N)B  ","ｽﾄｯﾊﾟｰﾌﾟﾚｰﾄ","L1",0
771,,5,3034,"HMC50.8Z","ｽﾄｯﾊﾟｰﾌﾟﾚｰﾄ","L1",0
772,,5,3035,"HMC20Z","ｽﾄｯﾊﾟｰﾌﾟﾚｰﾄ","L1",0
773,,5,3036,"HMC20N/Z","ﾆｰﾄﾞﾙﾘﾃｰﾅ","L1",0
774,,5,3037,"TA930317-6   CKP150Z","ﾊﾞｰ","L1.L2",0
775,,5,3037,"TA930317-6   CKP150Z","ﾊﾞｰ","L1.L2",0
776,,5,3038,"CKP150Z-50   CKP150Z","支柱","L1.L2",0
777,,5,3038,"CKP150Z-50   CKP150Z","支柱","L1.L2",0
778,,5,3039,"CKP150-2C (CKP150ZC)   CKP150","ﾌﾞｯｼｭ","L1.L2",0
779,,5,3039,"CKP150-2C (CKP150ZC)   CKP150","ﾌﾞｯｼｭ","L1.L2",0
780,,5,3040,"EWB2-32CK5-11 EWB2-32CK5-10  共通","ﾊﾞﾗﾝｽｴﾚﾒﾝﾄA.B","L1",0
781,,5,3040,"EWB2-32CK5-11 EWB2-32CK5-10  共通","ﾊﾞﾗﾝｽｴﾚﾒﾝﾄA.B","L1",0
782,,5,3040,"EWB2-32CK5-11 EWB2-32CK5-10  共通","ﾊﾞﾗﾝｽｴﾚﾒﾝﾄA.B","L1",0
783,,5,3041,"EWB2-32CK5-18","ﾊﾞﾗﾝｽﾘﾝｸﾞ","L1",0
784,,5,3042,"EWB2-32CK5-13","端面ﾘﾝｸﾞﾅｯﾄ","L1",0
785,,5,3043,"HMC50.8","ﾘﾃｰﾅ","L1",0
786,,5,3044,"MEGA42G  (HMC42)","ﾘﾃｰﾅ","L1",0
787,,5,3045,"AUTO-D30","ﾌﾞｯｼｭ  (ﾊﾞｰ材)","L1",0
788,,5,3046,"CKP550-02-1  CKB7ﾌﾟﾘｾｯﾀｰ","ﾌﾞｯｼｭ","L1.L2",0
789,,5,3046,"CKP550-02-1  CKB7ﾌﾟﾘｾｯﾀｰ","ﾌﾞｯｼｭ","L1.L2",0
790,,5,3047,"CKP550-4-2  CK7ﾌﾟﾘｾｯﾀｰ","支柱","L1.L2.L3",0
791,,5,3047,"CKP550-4-2  CK7ﾌﾟﾘｾｯﾀｰ","支柱","L1.L2.L3",0
792,,5,3048,"CKP550-6  CK7ﾌﾟﾘｾｯﾀｰ","ﾏｽﾀｰｹﾞｰｼﾞ","L1.L2.L3",0
793,,5,3048,"CKP550-6  CK7ﾌﾟﾘｾｯﾀｰ","ﾏｽﾀｰｹﾞｰｼﾞ","L1.L2.L3",0
794,,5,3049,"40030000000069   ST32-CK1-73-1","ＣＫシャンク本体","L1.L2",0
795,,5,3050,"40030000000070   ST32-CK2-100","ＣＫシャンク本体","L1.L2",0
796,,5,3051,"40030000000071   ST32-CK3-100","ＣＫシャンク本体","L1.L2",0
797,,5,3052,"40030000000072   ST32-CK4-100","ＣＫシャンク本体","L1.L2",0
798,,5,3053,"40030000000073   ST32-CK5-100","ＣＫシャンク本体","L1.L2",0
799,,5,3054,"40030000000074   ST32-CK6-125","ＣＫシャンク本体","L1.L2",0
800,,5,3055,"40030000000080   ST42-CK6-125","ＣＫシャンク本体","L1.L2",0
801,,5,3056,"40030000000079   ST42-CK5-100","ＣＫシャンク本体","L1.L2",0
802,,5,3057,"40030000000075   ST42-CK1-73-1","ＣＫシャンク本体","L1.L2",0
803,,5,3058,"CKP150-8","リダクションソケット　ＣＫ６×ＣＫ５","L1.L2",0
804,,5,3059,"CKP150-7","リダクションソケット　ＣＫ６×ＣＫ４","L1.L2",0
805,,5,3060,"CKP150-6","リダクションソケット　ＣＫ６×ＣＫ３","L1.L2",0
806,,5,3061,"CKP150-5","リダクションソケット　ＣＫ６×ＣＫ２","L1.L2",0
807,,5,3062,"CKP150-4","リダクションソケット　ＣＫ６×ＣＫ１","L1.L2",0
808,,5,3063,"CKP150-3","ﾏｽﾀｰｹﾞｰｼﾞ","L1.L2",0
809,,5,3064,"40030000000076   ST42-CK2-100","ＣＫシャンク本体","L1.L2",0
810,,5,3065,"CKP550-5   CKP550","バー","L1.L2",0
811,,5,3066,"CKP550-3-1  CK7プリセッター","ブッシュＢ","L1.L2",0
812,,5,3067,"40030000000077   ST42-CK3-100","ＣＫシャンク本体","L1.L2",0
813,,5,3068,"40030000000078   ST42-CK4-100","ＣＫシャンク本体","L1.L2",0
814,,5,3069,"40030000000180   ST25-NBS8-250","ニューベビーチャック本体","L1.L2.L3",0
815,,5,3070,"40030000000179-1   ST25-NBS8-200","ニューベビーチャック本体","L1.L2",0
816,,5,3071,"40030000000178-1   ST25-NBS8-150","ニューベビーチャック本体","L1.L2",0
817,,5,3072,"40030000000175-1   ST25-NBS6-150","ニューベビーチャック本体","L1.L2",0
818,,5,3073,"40030000000176-1   ST25-NBS6-200","ニューベビーチャック本体","L1.L2",0
819,,5,3074,"40030000000184-1   ST25-NBS13-150","ニューベビーチャック本体","L1.L2",0
820,,5,3075,"40030000000185-1   ST25-NBS13-200","ニューベビーチャック本体","L1.L2",0
821,,5,3076,"ST25-NBS10-150","ニューベビーチャック本体","L1.L2",0
822,,5,3077,"40030000000193-1   ST32-NBS10-150","ニューベビーチャック本体","L1.L2",0
823,,5,3078,"40030000000182-1   ST25-NBS10-200","ニューベビーチャック本体","L1.L2",0
824,,5,3079,"40030000000190-1   ST32-NBS8-150","ニューベビーチャック本体","L1.L2",0
825,,5,3080,"40030000000186-1   ST25-NBS13-250","ニューベビーチャック本体","L2.L3",0
826,,5,3081,"40030000000191-1   ST32-NBS8-200","ニューベビーチャック本体","L1.L2",0
827,,5,3082,"40030000000187-1   ST32-NBS6-150","ニューベビーチャック本体","L1.L2",0
828,,5,3083,"40030000000183-1   ST25-NBS10-250","ニューベビーチャック本体","L2.L3",0
829,,5,3084,"40030000000195-1   ST32-NBS10-250","ニューベビーチャック本体","L1.L2",0
830,,5,3085,"40030000000166-1   ST20-NBS6-100","ニューベビーチャック本体","L1.L2",0
831,,5,3086,"40030000000196-1   ST32-NBS13-150","ニューベビーチャック本体","L1.L2",0
832,,5,3087,"40030000000169-1   ST20-NBS8-100","ニューベビーチャック本体","L2.L3",0
833,,5,3088,"40030000000171-1   ST20-NBS8-250","ニューベビーチャック本体","L2.L3",0
834,,5,3089,"40030000000170-1   ST20-NBS8-150","ニューベビーチャック本体","L2.L3",0
835,,5,3090,"40030000001151-1   ST20-NBS10-350","ニューベビーチャック本体","L2.L3",0
836,,5,3091,"40030000000168-1   ST20-NBS6-250","ニューベビーチャック本体","L2.L3",0
837,,5,3092,"40030000001155-1   ST32-NBS20-300","ニューベビーチャック本体","L2.L3",0
838,,5,3093,"40030000000202-1   ST32-NBS20-200","ニューベビーチャック本体","L1.L2",0
839,,5,3094,"40030000000194-1   ST32-NBS10-200","ニューベビーチャック本体","L1.L2",0
840,,5,3095,"40030000001152-1   ST32-NBS10-350","ニューベビーチャック本体","L2.L3",0
841,,5,3096,"40030000001154-1   ST32-NBS16-300","ニューベビーチャック本体","L2",0
842,,5,3097,"40030000001153-1   ST32-NBS13-300","ニューベビーチャック本体","L2.L3",0
843,,5,3098,"40030000000201-1   ST32-NBS20-150","ニューベビーチャック本体","L2.L3",0
844,,5,3099,"40030000000200-1   ST32-NBS16-200","ニューベビーチャック本体","L1.L2",0
845,,5,3100,"40030000000191-1   ST32-NBS16-150","ニューベビーチャック本体","L1.L2",0
846,,5,3101,"40030000000197-1   ST32-NBS13-200","ニューベビーチャック本体","L2.L3",0
847,,5,3102,"40030000000173-1   ST20-NBS10-150","ニューベビーチャック本体","L1.L2",0
848,,5,3103,"40030000000167-1   ST20-NBS6-150","ニューベビーチャック本体","L1.L2",0
849,,5,3104,"40030000000172-1   ST20-NBS10-100","ニューベビーチャック本体","L1.L2",0
850,,5,3105,"AUTO-D16 (26×45.4×2)","スラストスペーサ（平座金）","L1",0
851,,5,3106,"AUTO-D30-7","クラッチカラー","L1",0
852,,5,3107,"EWB232CK5-5-LM3","目盛板付きアジャストスクリュ","L1.L2",0
853,,5,3108,"EWB4154CK4-5-LM-3","目盛板付きアジャストスクリュ","L1.L2",0
854,,5,3109,"EWN222CK4-5-LM-3","目盛板付きアジャストスクリュ","L1.L2",0
855,,5,3110,"EWB5370CK5-5-LM-3","目盛板付きアジャストスクリュ","L1.L2",0
856,,5,3111,"EWB68150CKB6-4-4   EWN100203CKB6-4-3","目盛板付きアジャストスクリュ","L2",0
857,,5,3112,"EWN150-4-2","目盛板付きアジャストスクリュ","L2",0
858,,6,4000,"YHR33","ｱｯﾊﾟ.ﾛｰｱ ﾌﾞﾗﾝｸﾖｰｸ","L1.2",0
859,,6,4001,"040707960100   YEX-3000","ﾗｲﾅｼｬﾌﾄ","L1.2",0
860,,6,4002,"040504250300   YX-3000","ﾗｲﾅｰ","L1.2",0
861,,6,4003,"027304250000   Y-45","ﾗｲﾅｰ","L1.2",0
862,,6,4004,"092504250000   YBX-1A","ﾗｲﾅｰ","L1.2",0
863,,6,4005,"A0610425000    YX-280","ﾗｲﾅｰ","L1.2.3",0
864,,6,4006,"400306030400   YNR-8F","ｷﾞﾔｰｹｰｽ","L1",0
865,,6,4007,"722811160000   YHR-33L","ｱｯﾊﾟ.ﾛｰｱ ﾌﾞﾗﾝｸﾖｰｸ","L1.2",0
866,,6,4007,"722811190000   YHR-33L(共通)","ｱｯﾊﾟ.ﾛｰｱ ﾌﾞﾗﾝｸﾖｰｸ","L1.2",0
867,,6,4008,"110601010100   G4-S","ｽﾛｯﾄﾙﾎﾞﾃﾞｨ","L2",0
868,,6,4009,"032107960300   YEX-1900","ﾗｲﾅｼｬﾌﾄ","L1.2",0
869,,6,4010,"014106140111   Y-90","ﾒｲﾝｼｬﾌﾄ","L1.2",0
870,,6,4011,"014607960100   Y-E90","ﾗｲﾅｼｬﾌﾄ","L1.2",0
871,,6,4012,"008004250300   YX-500S","ﾗｲﾅｰ","L1.2",0
872,,6,4013,"040506140101   YX-3000","ﾒｲﾝｼｬﾌﾄ","L1.2",0
873,,6,4014,"040907960100   YED-200","ﾗｲﾅｼｬﾌﾄ","L1.2",0
874,,6,4015,"Y-90   (A.B.C)共通","ｱｯﾊﾟｰﾌﾟﾚｰﾄ","L1.2",0
875,,6,4016,"Y-90   (A.B.C)共通","ﾛｰｱﾌﾟﾚｰﾄ","L1.2",0
876,,6,4017,"A13899990002","ｷﾞﾔｷｬｯﾌﾟ(A)","L1",0
877,,6,4018,"A13899990008","ｷﾞﾔｷｬｯﾌﾟ(C)","L1",0
878,,6,4019,"A13899990000","ﾓｰﾀｷｬｯﾌﾟ","L1",0
879,,6,4020,"A13906030003","ｷﾞﾔｹｰｽ(C)","L1.2",0
880,,6,4021,"A13906030001","ｷﾞﾔｹｰｽ(A)","L1.2",0
881,,6,4022,"A13899990006","ﾌｨﾙﾀｰ固定用ｼﾞｮｲﾝﾄ(A)","L1.2",0
882,,6,4023,"A13899990007","ﾌｨﾙﾀｰ固定用ｼﾞｮｲﾝﾄ(B)","L1.2",0
883,,6,4024,"A13900110000","ﾓｰﾀｹｰｽ","L1.2.3",0
884,,6,4025,"A13800110000","ﾓｰﾀｹｰｽ","L1.2.3",0
885,,6,4026,"032006140511    YX-1900","ﾒｲﾝｼｬﾌﾄ","L1.2",0
886,,6,4027,"040907960100    YED-200","ﾗｲﾅｼｬﾌﾄ","L1.2",0
887,,6,4028,"110406610300   CS-2","ｺﾚｯﾄﾁｬｯｸ","L2",0
888,,6,4029,"300606050000   YRD-10L","ｲﾝﾀﾅﾙｷﾞﾔ    (ﾊﾞｰ材)","L1",0
889,,6,4030,"A13800110000","ﾓｰﾀｹｰｽｶﾊﾞｰ","L1",0
890,,6,4031,"110601010100   G4-S","ｽﾛｯﾄﾙﾎﾞﾃﾞｨｰ   (ﾊﾞｰ材)","L1",0
891,,6,4032,"016904250000    Y-T40A","ﾗｲﾅｰ","L1.2",0
892,,6,4033,"722809000002 YHR-33L-X1","ﾛｰｱ.ｱｯﾊﾟ ﾌﾞﾗﾝｸﾖｰｸ","L1.2",0
893,,6,4033,"722809000003 YHR-33L-X1  (共通)","ﾛｰｱ.ｱｯﾊﾟ ﾌﾞﾗﾝｸﾖｰｸ","L1.2",0
894,,6,4034,"A13306030001-1","ｷﾞｱｹｰｽ","L1.2",0
895,,6,4035,"041104250000  YED-240S","ﾗｲﾅｰ","L1.2",0
896,,6,4036,"210106050000  YRD-6P","ｲﾝﾀﾅﾙｷﾞﾔ    (ﾊﾞｰ材)","L1",0
897,,6,4037,"SG-2060-2    G4-SA","モーターケース内径距離　測定治具（２）","L1.L2",0
898,,6,4038,"SG-2060-1    G4-SA","モーターケース内径距離　測定治具（１）","L1.L2",0
899,,6,4039,"25906770000","プレート","L1.L2",0
900,,6,4040,"A13306030002","ギアケース(Ａ１３３）","L1.L2",0
901,,6,4041,"018704250001    A20504250001","ライナ","L1.L2",0
902,,6,4042,"A20404250001","ライナ","L1.L2",0
903,,6,4043,"A13306030006    A13303030004","ギアケース(Ａ１３３）","L1.L2",0
904,,6,4044,"019104250001    018604250000","ライナ","L1.L2",0
905,,6,4045,"A21304250001","ライナ　Ａ２１３","L1.L2",0
906,,7,5000,"08J054490    TGX50","ドリブンフランジ","L1.L2",0
907,,7,5001,"08J034490    TGX35","ドリブンフランジ","L1.L2",0
908,,7,5002,"08J037660    TGX35","調節ナット","L1.L2",0
909,,7,5003,"51F0B6180    TGX70","ベアリングハブ","L1.L2",0
910,,7,5004,"08J074490","ドリブンフランジ","L1.L2",0
911,,7,5005,"08JTC7660-5  ｵｰﾊﾞｰﾛｰﾄﾞｸﾗｯﾁOLC105","調節ナット","L1.L2",0
912,,7,5006,"08J034490    TGX35","ドリブンフランジ","L3.L4",0
913,,7,5007,"08J074490    TGX70","ドリブンフランジ","L3.L4",0
914,,7,5008,"ﾄﾙｸｷｰﾊﾟｰTFK097-L-37","アダプター","L1.L2",0
915,,7,5009,"ﾄﾙｸｷｰﾊﾟｰTFK097-L3-42","アダプター","L1.L2",0
916,,7,5010,"10J148150","ブッシュ（バー材）","L1",0
917,,7,5011,"08J077660    TGX70","調節ナット","L1.L2",0
918,,7,5012,"50C0F6180-1","ベアリングハブ","L1.L2",0
919,,7,5013,"50D0C6180-1","ベアリングハブ","L1.L2",0
920,,7,5014,"50D0B6180-1","ベアリングハブ","L1.L2",0
921,,7,5015,"08JTB7660","調節ナット","L1.L2",0
922,,7,5016,"08JTB7630","プレート","L1.L2",0
923,,7,5017,"50C0E6180-1","ベアリングハブ","L1.L2",0
924,,7,5018,"08JTB7500","固定ナット","L1.L2",0
925,,7,5019,"08J054490    ﾄﾙｸｶﾞｰﾄﾞ    TGX50","ドリブンフランジ","L3.L4",0
926,,7,5020,"08J027660-1    ﾄﾙｸｶﾞｰﾄﾞ    TGX20","調節ナット","L1.L2",0
927,,7,5021,"08J027500    TGX20","固定ナット","L1.L2",0
928,,7,5022,"51G507330","ベアサポＡ","L1.L2",0
929,,7,5023,"085A18150  ｵｰﾊﾞｰﾛｰﾄﾞｸﾗｯﾁ QLC62","固定ナット","L1.L2",0
930,,7,5024,"08J057500-1","固定ナット　　TGX50","L1.L2",0
931,,7,5025,"05ATE7660-1","調節ナット（バー材）","L1",0
932,,7,5026,"05KKS7660-2","調節ナット（バー材）","L1",0
933,,7,5027,"05ATF7660-1","調節ナット","L1.L2",0
934,,7,5028,"08F077660-1","調節ナット","L1.L2",0
935,,7,5029,"08J037500-1","固定ナット    TGX35","L1.L2",0
936,,7,5030,"08J024490-1","ドリブンフランジ","L1.L2",0
937,,7,5031,"08J024490-1","ドリブンフランジ","L3.L4",0
938,,8,6000,"M10467-09-113-05","ﾄﾞﾗﾑ　　(ﾀﾝﾄﾞｳ材32ﾍﾟｰｼﾞ)","L3.L4",0
939,,8,6001,"M10467-80-331","ｼｬﾌﾄ","L1.L2",0
940,,8,6002,"M10467-19-017-03","ﾍﾞｱﾘﾝｸﾞｶﾊﾞｰ","L1.L2",0
941,,8,6003,"M10467-19-002-01","ﾍﾞｱﾘﾝｸﾞｶﾊﾞｰ","L1.L2",0
942,,8,6004,"M10467-15-030-04","ﾍﾞｱﾘﾝｸﾞｶﾊﾞｰ","L1.L2",0
943,,8,6005,"M10467-15-021-02","ﾍﾞｱﾘﾝｸﾞｶﾊﾞｰ","L1.L2",0
944,,8,6006,"M10467-48-302-01","ｼｬﾌﾄ","L1.L2.L3",0
945,,8,6007,"M10467-48-323-02","ｼｬﾌﾄ","L1. L2",0
946,,8,6008,"M10467-48-316-01","ｼｬﾌﾄ","L1.L2",0
947,,8,6009,"M10467-15-020-02","ﾍﾞｱﾘﾝｸﾞﾊｳｼﾞﾝｸﾞ","L1.L2",0
948,,8,6010,"M10467-15-029-05","ｶﾑｼｬﾌﾄ","L1.L2.L3",0
949,,8,6011,"M10468-48-316-04","ｼｬﾌﾄ","L1.L2",0
950,,8,6012,"M10467-48-318","ｼｬﾌﾄ","L1.L2",0
951,,8,6013,"M10468-48-318-01","ｼｬﾌﾄ","L1.L2",0
952,,8,6014,"M10468-48-302-04","ｼｬﾌﾄ","L1～L4",0
953,,8,6015,"M10467-19-005-03","ｶﾑｼｬﾌﾄ","L1.L2",0
954,,8,6016,"M10467-09-113-04","ﾄﾞﾗﾑ (荒加工)","L1.L2",0
955,,8,6017,"CH6540","ｱｰﾑ軸(右) ｱｰﾑ軸(左)","L1.L2",0
956,,8,6018,"M10468-07-009","ﾌﾗﾝｼﾞ","L1.L2",0
957,,8,6019,"M10467-08-112-01","ｼｬﾌﾄ","L1.L2",0
958,,8,6020,"M10427-77-281-02","ｼｬﾌﾄ","L1.L2",0
959,,8,6021,"M10427-79-374-03","ｶﾑｼｬﾌﾄ","L1.L2",0
960,,8,6022,"M10427-79-334-04","ｶﾑｼｬﾌﾄ","L1.L2",0
961,,8,6023,"M10427-20-011","ｽﾘｯﾄﾃﾞｨｽｸ   (ﾊﾞｰ材)","L1",0
962,,8,6024,"M10427-26-028-01","ｽﾘｯﾄﾃﾞｨｽｸ   (ﾊﾞｰ材)","L1",0
963,,8,6025,"PS-94-06-005-01","ｼｬﾌﾄ","L1.L2",0
964,,8,6026,"M10281-27-016","ｼｬﾌﾄ","L1.L2",0
965,,8,6027,"PT-15-10-174-1","ﾌﾞﾗｲｹｯﾄ (Θ ﾓｰﾀ)","L1.L2",0
966,,8,6028,"PT-26-50-022","ﾌﾞﾗｲｹｯﾄ","L1.L2",0
967,,8,6029,"M10427-27-021-01","ｶﾞｲﾄﾞﾌﾗﾝｼﾞ   (ﾊﾞｰ材)","L1",0
968,,8,6030,"PS－94-53-111(L)","ｷｼﾞｭﾝﾌﾞﾛｯｸ","L1.L2.L3",0
969,,8,6030,"PS－94-53-111(R) 共通","ｷｼﾞｭﾝﾌﾞﾛｯｸ","L1.L2.L3",0
970,,8,6031,"M10467-09-113-05","ﾄﾞﾗﾑ  (ﾀﾝﾄﾞｳ材)","L1.L2",0
971,,8,6032,"PS-92-75-116","ｼｬﾌﾄ","L1.L2",0
972,,8,6033,"PS-92-75-121","ﾎﾞｽ   (L1ﾊﾞｰ材)","L1.L2",0
973,,8,6034,"PS-92-75-112","ﾛｰﾗｰ","L1.L2",0
974,,8,6035,"PS-92-75-122","ﾌﾗﾝｼﾞ","L1.L2",0
975,,8,6036,"PT-10-09-118-1","ナット","L1.L2",0
976,,8,6037,"PT-92-09-033-1","ナット","L1.L2",0
977,,8,6038,"M10467-15-115","カラー（Ｌ１：バー材）","L1.L2",0
978,,8,6039,"M10467-15-114","レバーシャフト","L1.L2.L3",0
979,,9,7000,,"ATM2500 ﾎﾞﾃﾞｨ","L1.2",0
980,,9,7001,,"ATM1500 ﾎﾞﾃﾞｨ","L1.2",0
981,,9,7002,"DA01","ﾌﾚｱﾎﾙﾀﾞｰ","L2",0
982,,9,7003,,"ATM500  ﾎﾞﾃﾞｨ","L1.2",0
983,,9,7004,,"ATM350  ﾎﾞﾃﾞｨ","L1.2",0
984,,9,7005,,"ATM350  ﾎﾞﾃﾞｨ","L3",0
985,,9,7006,"9.22128E+12","ｼｬﾌﾄ  送りﾘｰﾄﾞ","L1.2.3",0
986,,9,7007,"9.22123E+12","ｶﾑ (ﾄﾞﾘﾙ軸用)","L1.2",0
987,,9,7008,"9.22123E+12","送りﾘｰﾄﾞ (ﾅｲﾛﾝ)","L1.2",0
988,,9,7009,"9.22123E+12","送りﾘｰﾄﾞP=28(ﾈｼﾞ側)","L3",0
989,,9,7010,"4H2J20983","ﾜｰｸ受けB","L1.2",0
990,,9,7011,,"ATM200  ﾎﾞﾃﾞｨ","L1.2",0
991,,9,7012,,"ATM200  ﾎﾞﾃﾞｨ","L3",0
992,,9,7013,,"ｵﾘﾌｨｽ配管(1.0?)","L1.2",0
993,,9,7014,,"ATM-850   ﾎﾞﾃﾞｨ","L1.2",0
994,,9,7015,,"ATM-4000  ﾎﾞﾃﾞｨ","L1.2",0
995,,9,7016,"U9905276","ﾚｼﾞｭｰｻｰ(NW40-NW25)","L1.2",0
996,,9,7017,"4P-02453","補助板金具(♯100)","L1.2",0
997,,9,7018,"4P-0542","ﾊﾟｯﾄ金型(♯100)","L1.2",0
998,,9,7019,"FSE-0102001","ｵｲﾙﾋｰﾀｰ","L1.2",0
999,,9,7020,"DA01","ﾌﾚｱﾎﾙﾀﾞｰ","L1",0
1000,,9,7021,"3H2T08596","治具","L1.2",0
1001,,9,7022,"PCG-50001","ﾒｽｺｰﾝ","L1.2",0
1002,,9,7023,"PCG-50002","ﾒｽｺｰﾝ","L1.2",0
1003,,9,7024,"PCG-50004","ﾒｽｺｰﾝ","L1.2",0
1004,,9,7025,"PCG-50003","ﾒｽｺｰﾝ","L1.2",0
1005,,9,7026,,"ﾓｰﾀｰ軸ｼﾞｮｲﾝﾄ    ﾅｯﾄ側","L1.2",0
1006,,9,7027,,"ﾓｰﾀｰ軸ｼﾞｮｲﾝﾄ    ｼｬﾌﾄ側","L1.2.3",0
1007,,9,7028,"DPJ8-422","PIN JAW8”(8-30)","L1.2",0
1008,,9,7029,,"0.6”／0.62”","L1.2",0
1009,,9,7030,"OS-0.5A","ｵﾘﾌｨｽ配管(0.5?)","L1.2",0
1010,,9,7031,"3H2J08617","検査治具","L1.2",0
1011,,9,7032,"3H2J08616","転写治具","L1.2",0
1012,,9,7033,"MA-6B12-02Ep","ｱﾝｶｰﾃﾞｨｽｸ","L1.2",0
1013,,9,7034,"A071W059","ﾒｲﾝｼｬﾌﾄ(ｽﾌﾟﾗｲﾝﾀｲﾌﾟ)","L1.2.3",0
1014,,9,7035,"540-0000(4-20)","生爪   100.3×50.8","L1.2",0
1015,,9,7036,"540-0000(4-10)","生爪   100.3×25.4","L1.2",0
1016,,9,7037,"MAE-10a","球面ﾌﾟﾚｰﾄ","L1.2",0
1017,,9,7038,,"SUSﾌｫｰｸ","L1.2",0
1018,,9,7039,,"SUSｽﾚｯﾄﾞ","L1.2",0
1019,,9,7040,,"SUSｽﾄｯﾌﾟ","L1.2",0
1020,,9,7041,"EZ6813","ｼﾘﾝﾀﾞｰ   (4.1巾)","L1",0
1021,,9,7042,"EZ6813","ｼﾘﾝﾀﾞｰ   (4巾)","L1",0
1022,,9,7043,"13083-240181-507","軸受押え","L1.2",0
1023,,9,7044,"13083-240181-508","軸受押え","L1.2",0
1024,,9,7045,"13083-240322-34A","軸受押え","L1.2",0
1025,,9,7046,"13083-240322-34B","軸受押え","L1.2",0
1026,,9,7047,"13083-240322-33A","軸受箱A1","L1.2",0
1027,,9,7048,"13083-240322-33B","軸受箱B1","L1.2",0
1028,,9,7049,"13083-240181-509","軸受箱","L1.2",0
1029,,9,7050,"13083-240181-510","軸受箱","L1.2",0
1030,,9,7051,"SSZ2-001","SSZ2ﾌﾞﾚｰﾄﾞﾎﾙﾀﾞｰ","L1.2",0
1031,,9,7052,"SSZ2-003","SSZ2ﾖｰｸ","L1.2",0
1032,,9,7053,"MA-6B12-02-Ep-1","ｱﾝｶｰﾃﾞｨｽｸ","L1.2.3.4",0
1033,,9,7054,"CPQ3001-12J05-3","ﾊﾞﾙﾌﾞ","L1.2",0
1034,,9,7055,"CPQ1607-04701-3","ﾊﾞﾙﾌﾞ","L1.2",0
1035,,9,7056,"9.22128E+12","送りﾘｰﾄﾞP=32","L1.2",0
1036,,9,7057,"9.22128E+12","送りﾘｰﾄﾞP=32ﾈｼﾞ側","L3",0
1037,,9,7058,"SH24-VL","ﾊﾞﾙﾌﾞ","L1.2",0
1038,,9,7059,"SH32-VL-1","QDCﾊﾞﾙﾌﾞ(ｽﾃﾝ)","L1.2",0
1039,,9,7060,"SH32-VL-1","QDCﾊﾞﾙﾌﾞ(鉄)","L1.2",0
1040,,9,7061,"202004-27","ｻｲﾌｫﾝ金具","L1.2.3",0
1041,,9,7062,"202005-32","173冷却仕切ﾋﾟﾝ","L1.2",0
1042,,9,7063,"202005-26","148(個)冷却仕切板","L1.2",0
1043,,9,7064,"202016-8(36)","36ﾋﾟｽﾄﾝ","L1.2",0
1044,,9,7065,"202016-8(32)","32ｴｱｰｼﾘﾝﾀﾞｰ(上蓋)","L1.2",0
1045,,9,7066,"202016-8(31)","31ｴｱｰｼﾘﾝﾀﾞｰ(下蓋)","L1.2",0
1046,,9,7067,"202024-40","冷却仕切ﾋﾟﾝ","L1.2",0
1047,,9,7068,"TAG-G-P06⑥","ﾁｽｸﾎｲﾙ  (ﾊﾞｰ材)","L1",0
1048,,9,7069,"TAN-G-P06-⑥","ﾁｽｸ固定ﾈｼﾞ","L1",0
1049,,9,7070,"TAN-G-P05-2-②","ｺﾚｯﾄｶﾊﾞｰ","L1.2",0
1050,,9,7071,"202019-52","152冷却仕切板","L1.2",0
1051,,9,7071,"202019-53","153冷却仕切板","L1.2",0
1052,,9,7072,"CPQ3204-10GJ03","ADAPTER","L1.2.3",0
1053,,9,7073,"02B-09-1-1","ｶﾞｲﾄﾞ","L1.2",0
1054,,9,7074,"02B-01-1-1","ﾌﾞﾛｯｸ","L1.2",0
1055,,9,7074,"02B-01-2-1  共通","ﾌﾞﾛｯｸ","L1.2",0
1056,,9,7075,"02B-06-1-1","ｶﾞｲﾄﾞ","L1.2",0
1057,,9,7076,"02B-04-6","ﾌﾟﾚｰﾄ","L1.2",0
1058,,9,7077,"02B-04-2","ﾌﾟﾚｰﾄ","L1.2",0
1059,,9,7077,"02B-02-7 ","ﾌﾟﾚｰﾄ","L1.2",0
1060,,9,7078,"02B-01-7","ﾌﾟﾚｰﾄ","L1.2",0
1061,,9,7079,"02B-0302","ﾌﾟﾚｰﾄ","L1.2",0
1062,,9,7080,"02B-08-2","ﾌﾟﾚｰﾄ","L1.2",0
1063,,9,7081,"02B-01-2","ﾌﾟﾚｰﾄ","L1.2",0
1064,,9,7082,"02B-04-1","ﾌﾞﾛｯｸ","L1.2",0
1065,,9,7082,"02B-01-6     共通","ﾌﾞﾛｯｸ","L1.2",0
1066,,9,7083,"02B-03-1","ﾌﾞﾛｯｸ","L1.2",0
1067,,9,7084,"02B-05-6","ﾌﾟﾚｰﾄ","L1.2",0
1068,,9,7085,"02B-04-7","ｶﾞｲﾄﾞ","L1.2",0
1069,,9,7086,"02B-08-1-1","ﾌﾞﾛｯｸ","L1.2",0
1070,,9,7087,"02B-10-2-1","ｶﾞｲﾄﾞ","L1.2",0
1071,,9,7088,"02B-07-3","ｶﾞｲﾄﾞ","L1.2",0
1072,,9,7089,"02B-05-7","ｶﾞｲﾄﾞ","L1.2",0
1073,,9,7090,"02B-04-5","ｶﾞｲﾄﾞ","L1.2",0
1074,,9,7091,"02B-03-9-1","ｶﾞｲﾄﾞ","L1.2",0
1075,,9,7092,"02B-02-9-1","ｶﾞｲﾄﾞ","L1.2",0
1076,,9,7093,"02B-03-5","ｶﾞｲﾄﾞ","L1.2",0
1077,,9,7094,"SPQ3007-04GJ01","QDCﾆｯﾌﾟﾙ","L1.2",0
1078,,9,7095,"02Ｂ-03-2-1","ｶﾞｲﾄﾞ","L1.2",0
1079,,9,7096,"02B-06-2    02B-09-2","ﾌﾗﾝｼﾞ","L1.2",0
1080,,9,7096,"02B-07-1","ﾌﾗﾝｼﾞ","L1.2",0
1081,,9,7097,"02B-06-2    02B-09-2","20φ ｼｬﾌﾄ","L1.2",0
1082,,9,7097,"02B-07-1","20φ ｼｬﾌﾄ","L1.2",0
1083,,9,7098,"02B-06-2   02B-09-2","ﾌﾗﾝｼﾞ","L3.4",0
1084,,9,7099,"02B-07-1","ﾌﾗﾝｼﾞ","L3.4",0
1085,,9,7100,,"ﾁｬｯｸﾎﾙﾀﾞｰ軸","L1.2",0
1086,,9,7101,"CPQ3202-22GJ03  CPQ3202-22GJ04","ADAPTER","L2",0
1087,,9,7102,"EZ5000-2602","本体上フタ","L1.L2",0
1088,,9,7103,"OTM-850","OTM-850  ボディ","L1.L2",0
1089,,9,7104,"CPQ3209-06GW00","ADAPTER","L2",0
1090,,9,7105,,"OTM-850  ボディ","L3",0
1091,,9,7106,"540-0000-1(4-30)ST","生爪４－３０ＳＴ","L1.L2",0
1092,,9,7107,,"ＮＣチャック治具","L1.L2",0
1093,,9,7108,"IC270-01","FLANGE","L1.L2",0
1094,,9,7109,"4501MR","ローラー","L1.L2",0
1095,,9,7110,"202068-39","特殊Ｂ","L1.L2",0
1096,,9,7111,"ATX-3G0121","チップチェンジャーロボット側（溝式）２","L1.L2",0
1097,,9,7112,"550-0000-1(5-30)AL","生爪５－３０ＡＬ","L1.L2",0
1098,,9,7113,"540-0000-1(4-25)AL","生爪４－２５ＡＬ","L1.L2",0
1099,,9,7114,"ATX-3G0136","チップチェンジャーロボット側（溝式）ショート","L1.L2",0
1100,,9,7115,"7BR-002-00","チップチェンジャーロボット側（溝式）テーパー無し","L1.L2",0
1101,,9,7116,"849900101210","ネジ軸","L1.L2",0
1102,,9,7117,"FLO-A-159-4","エポキシストランド用　　メスコーン試作（３３０Ｋ）","L1.L2",0
1103,,9,7118,,"ＡＴＭ－５００　　ボディ","L3",0
1104,,9,7119,"7BR-002-00-3","チップチェンジャーロボット側（溝式）テーパー無し","L1.L2",0
1105,,9,7120,"580 540-0000-1(8-30)ST","生爪８－３０ＳＴ","L1.L2",0
1106,,9,7121,"T53-M011A-60","RING","L1",0
1107,,9,7122,"T53-M012A-60","RING","L1",0
1108,,3,1527,"F64191A01","FLANGE","L1.L2",0
1109,,10,100,"MEGA32D/B","ストッパープレート","L2",0
1110,,10,101,"HMC32W","ストッパープレート","L2",0
1111,,10,102,"HMC32NZ","ストッパープレート","L2",0
1112,,10,103,"HMC20NW","ストッパープレート","L2",0
1113,,10,104,"MEGA32D/NB","ストッパープレート","L2",0
1114,,10,105,"HMC25Z","ストッパープレート","L2",0
1115,,10,106,"MEGA20D/NB","ストッパープレート","L2",0
1116,,10,107,"F70031B06","Ｕドリルホルダーフタ","L1.L2",0
1117,,10,108,"MEGA20D/B","ストッパープレート","L2",0
1118,,10,109,"HMC42Z","ストッパープレート","L2",0
1119,,10,110,"HMC20Z","ストッパープレート","L2",0
1120,,10,111,"HMC50.8Z","ストッパープレート","L2",0
1121,,10,112,"MEGA25D/(N)B","ストッパープレート","L2",0
1122,,0,,,,,1
1123,,0,,,,,1
